timestamp_s,iteration
94384.040531,0
94384.067947,1
94384.094197,2
94384.120536,3
94384.146174,4
94384.172738,5
94384.198819,6
94384.223620,7
94384.246966,8
94384.268213,9
94384.295851,10
94384.321238,11
94384.346447,12
94384.372111,13
94384.397898,14
94384.423895,15
94384.449382,16
94384.474813,17
94384.499744,18
94384.526509,19
94384.550813,20
94384.573993,21
94384.600505,22
94384.626027,23
94384.649901,24
94384.676078,25
94384.701678,26
94384.727560,27
94384.751817,28
94384.777474,29
94384.805089,30
94384.826723,31
94384.851294,32
94384.875787,33
94384.901670,34
94384.926676,35
94384.953077,36
94384.975692,37
94385.000649,38
94385.029206,39
94385.053564,40
94385.080579,41
94385.106028,42
94385.134990,43
94385.159904,44
94385.183496,45
94385.208151,46
94385.230978,47
94385.253525,48
94385.281794,49
94385.307534,50
94385.331999,51
94385.357413,52
94385.382949,53
94385.411135,54
94385.437857,55
94385.465749,56
94385.492322,57
94385.515805,58
94385.541062,59
94385.565806,60
94385.592835,61
94385.621222,62
94385.644876,63
94385.671065,64
94385.696347,65
94385.721393,66
94385.749509,67
94385.774563,68
94385.797698,69
94385.822247,70
94385.846980,71
94385.873852,72
94385.900568,73
94385.924166,74
94385.945979,75
94385.970055,76
94385.993471,77
94386.018950,78
94386.043313,79
94386.070387,80
94386.094190,81
94386.121760,82
94386.146738,83
94386.174245,84
94386.197180,85
94386.224734,86
94386.247493,87
94386.270019,88
94386.295202,89
94386.320799,90
94386.343548,91
94386.371683,92
94386.395679,93
94386.423240,94
94386.446677,95
94386.471428,96
94386.495189,97
94386.523205,98
94386.549892,99
94386.578787,100
94386.602014,101
94386.628686,102
94386.653061,103
94386.678037,104
94386.701391,105
94386.728233,106
94386.754521,107
94386.780019,108
94386.807577,109
94386.833732,110
94386.856685,111
94386.884344,112
94386.908741,113
94386.934524,114
94386.960296,115
94386.983704,116
94387.007510,117
94387.034499,118
94387.057857,119
94387.081726,120
94387.104887,121
94387.131630,122
94387.155725,123
94387.180889,124
94387.204189,125
94387.230369,126
94387.252519,127
94387.280329,128
94387.303225,129
94387.327476,130
94387.350617,131
94387.375333,132
94387.402246,133
94387.428327,134
94387.448677,135
94387.475413,136
94387.503328,137
94387.529212,138
94387.555412,139
94387.580379,140
94387.605978,141
94387.629536,142
94387.653109,143
94387.675966,144
94387.699165,145
94387.721434,146
94387.749773,147
94387.775692,148
94387.800640,149
94387.823297,150
94387.850782,151
94387.873255,152
94387.898945,153
94387.923334,154
94387.952681,155
94387.977468,156
94388.001464,157
94388.026902,158
94388.051514,159
94388.074020,160
94388.098365,161
94388.124920,162
94388.148619,163
94388.173645,164
94388.196744,165
94388.222887,166
94388.250747,167
94388.275376,168
94388.300436,169
94388.326365,170
94388.353367,171
94388.382261,172
94388.407463,173
94388.432107,174
94388.456411,175
94388.484324,176
94388.507837,177
94388.533514,178
94388.557504,179
94388.581975,180
94388.608479,181
94388.634860,182
94388.661073,183
94388.687923,184
94388.712312,185
94388.735712,186
94388.757325,187
94388.783043,188
94388.803723,189
94388.828740,190
94388.851769,191
94388.873501,192
94388.896535,193
94388.920744,194
94388.940135,195
94388.965623,196
94388.987717,197
94389.007188,198
94389.029515,199
94389.051149,200
94389.072655,201
94389.095646,202
94389.117728,203
94389.141271,204
94389.161714,205
94389.186818,206
94389.209981,207
94389.231233,208
94389.253685,209
94389.274546,210
94389.297296,211
94389.320800,212
94389.344528,213
94389.368666,214
94389.390217,215
94389.409892,216
94389.434364,217
94389.457730,218
94389.477563,219
94389.498406,220
94389.523231,221
94389.545396,222
94389.568569,223
94389.594524,224
94389.615530,225
94389.638899,226
94389.658800,227
94389.681351,228
94389.701867,229
94389.723093,230
94389.741091,231
94389.764521,232
94389.784956,233
94389.809570,234
94389.831522,235
94389.855360,236
94389.879599,237
94389.901209,238
94389.924226,239
94389.946529,240
94389.971639,241
94389.994953,242
94390.021454,243
94390.042608,244
94390.065265,245
94390.086315,246
94390.108748,247
94390.130422,248
94390.152656,249
94390.173341,250
94390.193408,251
94390.214807,252
94390.234716,253
94390.255836,254
94390.278937,255
94390.299094,256
94390.321271,257
94390.343639,258
94390.365410,259
94390.385264,260
94390.409814,261
94390.432191,262
94390.454183,263
94390.478975,264
94390.502431,265
94390.528211,266
94390.553243,267
94390.577251,268
94390.598000,269
94390.623154,270
94390.647842,271
94390.670466,272
94390.695322,273
94390.718614,274
94390.743027,275
94390.765453,276
94390.788767,277
94390.813735,278
94390.838818,279
94390.863329,280
94390.887455,281
94390.911752,282
94390.934888,283
94390.959948,284
94390.983289,285
94391.008394,286
94391.028911,287
94391.051268,288
94391.075577,289
94391.098918,290
94391.122807,291
94391.147446,292
94391.173398,293
94391.197899,294
94391.222738,295
94391.247633,296
94391.270804,297
94391.295340,298
94391.315160,299
94391.338675,300
94391.361462,301
94391.384480,302
94391.410467,303
94391.436628,304
94391.459369,305
94391.483328,306
94391.505942,307
94391.532860,308
94391.557029,309
94391.579484,310
94391.603119,311
94391.624027,312
94391.650055,313
94391.671592,314
94391.694280,315
94391.716663,316
94391.741222,317
94391.766128,318
94391.789056,319
94391.810407,320
94391.834822,321
94391.858910,322
94391.881630,323
94391.901967,324
94391.926959,325
94391.947776,326
94391.970247,327
94391.992463,328
94392.013258,329
94392.034485,330
94392.056303,331
94392.076994,332
94392.100458,333
94392.123496,334
94392.145915,335
94392.167497,336
94392.188884,337
94392.210972,338
94392.237818,339
94392.261249,340
94392.285186,341
94392.306412,342
94392.328993,343
94392.352199,344
94392.374354,345
94392.397653,346
94392.423809,347
94392.445171,348
94392.467554,349
94392.491497,350
94392.515539,351
94392.540093,352
94392.559826,353
94392.586505,354
94392.610664,355
94392.636441,356
94392.657445,357
94392.684771,358
94392.709588,359
94392.732008,360
94392.750924,361
94392.773684,362
94392.797854,363
94392.820690,364
94392.845212,365
94392.867934,366
94392.889982,367
94392.913027,368
94392.935413,369
94392.959211,370
94392.979350,371
94393.001847,372
94393.023242,373
94393.046466,374
94393.068410,375
94393.094608,376
94393.117338,377
94393.140564,378
94393.163062,379
94393.184026,380
94393.206839,381
94393.228878,382
94393.253412,383
94393.279334,384
94393.300990,385
94393.323910,386
94393.345801,387
94393.368568,388
94393.387810,389
94393.412028,390
94393.433793,391
94393.455409,392
94393.477555,393
94393.498800,394
94393.520851,395
94393.542764,396
94393.564367,397
94393.588856,398
94393.608523,399
94393.628791,400
94393.653519,401
94393.673874,402
94393.700251,403
94393.723639,404
94393.747886,405
94393.768711,406
94393.792841,407
94393.813950,408
94393.837707,409
94393.857763,410
94393.882078,411
94393.905495,412
94393.928027,413
94393.947602,414
94393.968734,415
94393.990803,416
94394.014240,417
94394.035840,418
94394.060186,419
94394.081204,420
94394.106557,421
94394.128192,422
94394.151169,423
94394.175502,424
94394.197791,425
94394.222433,426
94394.242722,427
94394.266789,428
94394.293469,429
94394.315804,430
94394.339744,431
94394.363492,432
94394.385336,433
94394.410762,434
94394.434294,435
94394.458711,436
94394.481423,437
94394.509715,438
94394.532792,439
94394.555353,440
94394.579396,441
94394.603365,442
94394.628687,443
94394.654831,444
94394.678512,445
94394.702113,446
94394.726774,447
94394.747682,448
94394.769920,449
94394.796541,450
94394.820792,451
94394.846082,452
94394.868341,453
94394.892307,454
94394.917123,455
94394.938481,456
94394.961165,457
94394.980594,458
94395.001978,459
94395.023302,460
94395.045560,461
94395.069012,462
94395.092704,463
94395.113864,464
94395.136595,465
94395.157906,466
94395.180229,467
94395.200880,468
94395.221779,469
94395.244231,470
94395.265263,471
94395.287841,472
94395.310523,473
94395.332632,474
94395.354218,475
94395.373079,476
94395.397196,477
94395.417735,478
94395.440176,479
94395.461501,480
94395.484390,481
94395.507217,482
94395.531303,483
94395.555708,484
94395.582123,485
94395.606494,486
94395.631632,487
94395.652854,488
94395.678816,489
94395.702292,490
94395.727124,491
94395.745799,492
94395.771238,493
94395.796736,494
94395.819766,495
94395.844148,496
94395.867578,497
94395.889257,498
94395.915253,499
94395.936420,500
94395.957317,501
94395.979710,502
94396.000971,503
94396.024664,504
94396.045829,505
94396.066712,506
94396.088967,507
94396.111592,508
94396.136726,509
94396.157778,510
94396.178699,511
94396.200287,512
94396.219736,513
94396.240688,514
94396.259326,515
94396.281029,516
94396.302687,517
94396.321720,518
94396.344333,519
94396.366335,520
94396.388792,521
94396.413826,522
94396.434181,523
94396.456762,524
94396.478818,525
94396.500677,526
94396.522398,527
94396.542264,528
94396.565576,529
94396.589990,530
94396.609094,531
94396.634204,532
94396.655787,533
94396.677783,534
94396.699751,535
94396.723213,536
94396.744129,537
94396.766040,538
94396.788928,539
94396.810318,540
94396.832810,541
94396.854030,542
94396.876702,543
94396.897645,544
94396.920510,545
94396.940441,546
94396.961175,547
94396.983821,548
94397.004761,549
94397.026727,550
94397.048997,551
94397.070802,552
94397.090583,553
94397.110404,554
94397.131168,555
94397.155402,556
94397.176440,557
94397.195878,558
94397.215548,559
94397.236544,560
94397.258299,561
94397.280501,562
94397.301308,563
94397.321798,564
94397.343428,565
94397.365148,566
94397.386267,567
94397.406917,568
94397.429829,569
94397.452111,570
94397.476480,571
94397.498261,572
94397.516681,573
94397.540067,574
94397.562105,575
94397.583683,576
94397.605179,577
94397.627381,578
94397.647672,579
94397.672715,580
94397.693681,581
94397.715495,582
94397.735623,583
94397.758985,584
94397.779208,585
94397.801260,586
94397.822539,587
94397.844800,588
94397.863237,589
94397.885334,590
94397.904675,591
94397.925637,592
94397.949184,593
94397.971082,594
94397.992664,595
94398.014044,596
94398.035244,597
94398.055656,598
94398.076367,599
94398.128831,600
94398.150371,601
94398.175769,602
94398.202123,603
94398.226956,604
94398.248660,605
94398.272409,606
94398.296346,607
94398.319743,608
94398.343917,609
94398.367959,610
94398.391505,611
94398.414619,612
94398.439487,613
94398.464556,614
94398.487616,615
94398.511729,616
94398.532548,617
94398.558899,618
94398.582471,619
94398.605009,620
94398.629658,621
94398.652783,622
94398.676605,623
94398.699985,624
94398.724005,625
94398.748539,626
94398.771029,627
94398.795206,628
94398.816635,629
94398.841246,630
94398.864306,631
94398.885534,632
94398.908498,633
94398.929704,634
94398.952913,635
94398.975194,636
94398.998840,637
94399.018484,638
94399.041883,639
94399.065734,640
94399.088525,641
94399.112478,642
94399.136428,643
94399.160005,644
94399.185059,645
94399.208717,646
94399.232696,647
94399.255557,648
94399.279944,649
94399.303100,650
94399.324266,651
94399.351133,652
94399.379041,653
94399.402316,654
94399.425364,655
94399.448027,656
94399.471804,657
94399.494486,658
94399.517743,659
94399.542588,660
94399.566655,661
94399.592254,662
94399.616575,663
94399.642268,664
94399.667232,665
94399.691425,666
94399.712792,667
94399.736316,668
94399.756844,669
94399.782292,670
94399.806409,671
94399.828272,672
94399.850655,673
94399.875614,674
94399.900785,675
94399.922722,676
94399.946087,677
94399.969321,678
94399.990058,679
94400.011692,680
94400.036439,681
94400.062289,682
94400.088260,683
94400.112849,684
94400.138013,685
94400.163567,686
94400.186788,687
94400.211882,688
94400.234715,689
94400.258216,690
94400.282247,691
94400.308871,692
94400.334180,693
94400.358394,694
94400.384469,695
94400.408673,696
94400.432974,697
94400.456733,698
94400.479243,699
94400.506777,700
94400.526526,701
94400.550200,702
94400.571714,703
94400.595956,704
94400.619531,705
94400.643659,706
94400.665436,707
94400.690885,708
94400.714510,709
94400.738851,710
94400.762046,711
94400.784628,712
94400.809639,713
94400.831565,714
94400.853333,715
94400.876822,716
94400.899107,717
94400.924770,718
94400.943785,719
94400.966552,720
94400.986345,721
94401.010349,722
94401.033517,723
94401.055804,724
94401.077884,725
94401.101286,726
94401.123112,727
94401.144322,728
94401.165754,729
94401.189203,730
94401.212519,731
94401.235348,732
94401.258606,733
94401.279667,734
94401.301882,735
94401.324206,736
94401.346636,737
94401.370234,738
94401.393630,739
94401.415919,740
94401.436906,741
94401.460687,742
94401.480500,743
94401.503210,744
94401.524560,745
94401.545304,746
94401.567134,747
94401.586839,748
94401.610348,749
94401.631011,750
94401.655559,751
94401.680801,752
94401.702848,753
94401.723949,754
94401.744741,755
94401.764786,756
94401.784470,757
94401.806663,758
94401.829287,759
94401.849890,760
94401.870785,761
94401.889606,762
94401.911529,763
94401.930621,764
94401.952013,765
94401.975058,766
94401.995422,767
94402.017371,768
94402.039372,769
94402.061501,770
94402.082182,771
94402.102831,772
94402.122667,773
94402.145700,774
94402.168924,775
94402.190483,776
94402.211625,777
94402.234868,778
94402.258868,779
94402.279268,780
94402.305397,781
94402.328855,782
94402.354949,783
94402.377579,784
94402.398028,785
94402.424075,786
94402.446472,787
94402.468251,788
94402.493431,789
94402.514832,790
94402.537414,791
94402.557031,792
94402.581104,793
94402.601163,794
94402.622682,795
94402.642885,796
94402.665652,797
94402.684908,798
94402.709839,799
94402.735384,800
94402.756841,801
94402.777564,802
94402.800891,803
94402.823659,804
94402.844815,805
94402.866347,806
94402.891269,807
94402.912450,808
94402.938316,809
94402.960684,810
94402.981298,811
94403.000680,812
94403.022618,813
94403.043898,814
94403.067284,815
94403.090707,816
94403.111437,817
94403.133480,818
94403.155159,819
94403.175764,820
94403.196377,821
94403.218990,822
94403.240142,823
94403.262130,824
94403.283665,825
94403.307859,826
94403.331879,827
94403.355805,828
94403.377562,829
94403.399205,830
94403.420025,831
94403.446869,832
94403.471681,833
94403.495059,834
94403.515693,835
94403.536527,836
94403.558274,837
94403.578894,838
94403.601859,839
94403.624874,840
94403.649543,841
94403.670494,842
94403.692658,843
94403.715265,844
94403.737799,845
94403.759849,846
94403.781946,847
94403.805096,848
94403.827857,849
94403.850879,850
94403.871792,851
94403.891914,852
94403.912536,853
94403.932237,854
94403.955372,855
94403.974092,856
94403.994265,857
94404.017985,858
94404.038322,859
94404.056819,860
94404.076754,861
94404.101100,862
94404.121477,863
94404.144066,864
94404.166792,865
94404.189573,866
94404.213595,867
94404.236909,868
94404.262123,869
94404.285347,870
94404.309999,871
94404.330402,872
94404.351077,873
94404.373066,874
94404.394306,875
94404.414690,876
94404.434398,877
94404.457849,878
94404.481730,879
94404.503486,880
94404.527529,881
94404.549534,882
94404.573719,883
94404.592925,884
94404.613702,885
94404.633961,886
94404.656250,887
94404.675728,888
94404.698440,889
94404.717389,890
94404.738986,891
94404.758844,892
94404.779011,893
94404.798717,894
94404.818841,895
94404.838495,896
94404.858473,897
94404.877995,898
94404.898159,899
94404.920999,900
94404.942095,901
94404.964633,902
94404.987397,903
94405.008326,904
94405.028958,905
94405.049289,906
94405.069559,907
94405.094598,908
94405.115376,909
94405.138156,910
94405.156989,911
94405.178524,912
94405.201132,913
94405.224192,914
94405.248108,915
94405.271250,916
94405.297007,917
94405.318397,918
94405.340368,919
94405.360094,920
94405.386247,921
94405.407751,922
94405.432735,923
94405.455561,924
94405.477689,925
94405.499590,926
94405.520226,927
94405.541800,928
94405.562472,929
94405.583406,930
94405.604479,931
94405.628105,932
94405.652117,933
94405.673373,934
94405.700060,935
94405.724977,936
94405.747831,937
94405.769863,938
94405.793808,939
94405.816587,940
94405.839062,941
94405.861620,942
94405.885036,943
94405.909662,944
94405.932703,945
94405.955797,946
94405.978534,947
94406.001390,948
94406.027086,949
94406.046762,950
94406.073917,951
94406.094261,952
94406.116109,953
94406.139381,954
94406.161265,955
94406.183102,956
94406.203287,957
94406.224723,958
94406.246847,959
94406.269545,960
94406.291417,961
94406.314089,962
94406.337579,963
94406.358171,964
94406.378826,965
94406.399925,966
94406.421592,967
94406.441528,968
94406.461944,969
94406.483840,970
94406.504848,971
94406.525151,972
94406.545431,973
94406.564715,974
94406.585543,975
94406.605895,976
94406.626915,977
94406.649776,978
94406.673639,979
94406.696115,980
94406.717860,981
94406.737543,982
94406.758589,983
94406.777551,984
94406.801968,985
94406.824254,986
94406.850799,987
94406.871968,988
94406.893724,989
94406.915786,990
94406.936941,991
94406.960043,992
94406.980565,993
94407.004233,994
94407.024428,995
94407.044270,996
94407.063737,997
94407.086454,998
94407.112079,999
94407.136537,1000
94407.156631,1001
94407.180747,1002
94407.200925,1003
94407.222420,1004
94407.243116,1005
94407.264745,1006
94407.286446,1007
94407.307984,1008
94407.328369,1009
94407.347686,1010
94407.368717,1011
94407.386619,1012
94407.407073,1013
94407.431072,1014
94407.451382,1015
94407.471318,1016
94407.490197,1017
94407.509884,1018
94407.532762,1019
94407.552119,1020
94407.575666,1021
94407.593925,1022
94407.614512,1023
94407.634967,1024
94407.655423,1025
94407.677964,1026
94407.698497,1027
94407.717780,1028
94407.736634,1029
94407.759794,1030
94407.779480,1031
94407.802863,1032
94407.822595,1033
94407.844339,1034
94407.863062,1035
94407.882460,1036
94407.903739,1037
94407.925952,1038
94407.949011,1039
94407.969641,1040
94407.991883,1041
94408.010762,1042
94408.030761,1043
94408.052191,1044
94408.073423,1045
94408.093044,1046
94408.114472,1047
94408.136695,1048
94408.161333,1049
94408.185889,1050
94408.210164,1051
94408.232165,1052
94408.252207,1053
94408.279848,1054
94408.302101,1055
94408.324259,1056
94408.346718,1057
94408.369262,1058
94408.391715,1059
94408.412883,1060
94408.435467,1061
94408.456904,1062
94408.477656,1063
94408.499543,1064
94408.519096,1065
94408.539581,1066
94408.559153,1067
94408.578477,1068
94408.600350,1069
94408.622638,1070
94408.645279,1071
94408.664806,1072
94408.685811,1073
94408.703807,1074
94408.724899,1075
94408.742340,1076
94408.763086,1077
94408.786948,1078
94408.810287,1079
94408.829734,1080
94408.850272,1081
94408.870290,1082
94408.890374,1083
94408.911658,1084
94408.932853,1085
94408.955583,1086
94408.976704,1087
94408.997377,1088
94409.015942,1089
94409.037974,1090
94409.058192,1091
94409.077152,1092
94409.098025,1093
94409.117962,1094
94409.136633,1095
94409.156495,1096
94409.177261,1097
94409.196384,1098
94409.216500,1099
94409.238176,1100
94409.257609,1101
94409.278774,1102
94409.300407,1103
94409.320751,1104
94409.339812,1105
94409.360032,1106
94409.380745,1107
94409.400506,1108
94409.421417,1109
94409.442217,1110
94409.462772,1111
94409.483341,1112
94409.504174,1113
94409.524616,1114
94409.546250,1115
94409.568500,1116
94409.585366,1117
94409.605603,1118
94409.623789,1119
94409.644144,1120
94409.665015,1121
94409.682902,1122
94409.704159,1123
94409.722870,1124
94409.742918,1125
94409.765712,1126
94409.785202,1127
94409.805411,1128
94409.827842,1129
94409.849723,1130
94409.871157,1131
94409.893223,1132
94409.916916,1133
94409.937833,1134
94409.958607,1135
94409.979341,1136
94410.002744,1137
94410.023431,1138
94410.041731,1139
94410.066541,1140
94410.084786,1141
94410.104831,1142
94410.125767,1143
94410.147209,1144
94410.168911,1145
94410.189374,1146
94410.210640,1147
94410.230765,1148
94410.251599,1149
94410.272294,1150
94410.293594,1151
94410.314626,1152
94410.337599,1153
94410.358747,1154
94410.382186,1155
94410.402864,1156
94410.423961,1157
94410.446686,1158
94410.467020,1159
94410.487370,1160
94410.507981,1161
94410.528414,1162
94410.550690,1163
94410.573092,1164
94410.595997,1165
94410.618464,1166
94410.639397,1167
94410.661322,1168
94410.683123,1169
94410.702910,1170
94410.726635,1171
94410.748271,1172
94410.770754,1173
94410.791700,1174
94410.813718,1175
94410.837350,1176
94410.858358,1177
94410.881762,1178
94410.903765,1179
94410.923878,1180
94410.944297,1181
94410.963817,1182
94410.983246,1183
94411.004435,1184
94411.025093,1185
94411.046370,1186
94411.066997,1187
94411.087872,1188
94411.108526,1189
94411.129944,1190
94411.152392,1191
94411.173761,1192
94411.196769,1193
94411.217736,1194
94411.237368,1195
94411.258523,1196
94411.279637,1197
94411.298938,1198
94411.319245,1199
94411.344442,1200
94411.365412,1201
94411.389113,1202
94411.411363,1203
94411.434742,1204
94411.457963,1205
94411.483048,1206
94411.505655,1207
94411.525713,1208
94411.546691,1209
94411.567349,1210
94411.589099,1211
94411.612373,1212
94411.634413,1213
94411.656703,1214
94411.676553,1215
94411.697092,1216
94411.721324,1217
94411.740737,1218
94411.765748,1219
94411.783636,1220
94411.805626,1221
94411.823699,1222
94411.846321,1223
94411.865249,1224
94411.886254,1225
94411.907557,1226
94411.928669,1227
94411.949725,1228
94411.969707,1229
94411.991556,1230
94412.010894,1231
94412.032431,1232
94412.053904,1233
94412.074992,1234
94412.095482,1235
94412.117153,1236
94412.138075,1237
94412.158921,1238
94412.177390,1239
94412.197788,1240
94412.218785,1241
94412.238882,1242
94412.260536,1243
94412.282976,1244
94412.303069,1245
94412.324335,1246
94412.344357,1247
94412.364932,1248
94412.386414,1249
94412.406180,1250
94412.426476,1251
94412.447606,1252
94412.470417,1253
94412.491764,1254
94412.515319,1255
94412.537392,1256
94412.559907,1257
94412.582678,1258
94412.605177,1259
94412.626523,1260
94412.646577,1261
94412.668038,1262
94412.688622,1263
94412.710175,1264
94412.731124,1265
94412.751479,1266
94412.773999,1267
94412.798618,1268
94412.820415,1269
94412.841581,1270
94412.862907,1271
94412.883679,1272
94412.905601,1273
94412.926209,1274
94412.947619,1275
94412.968550,1276
94412.987949,1277
94413.010107,1278
94413.030357,1279
94413.052998,1280
94413.072528,1281
94413.091889,1282
94413.112946,1283
94413.134084,1284
94413.153996,1285
94413.174430,1286
94413.193303,1287
94413.214294,1288
94413.234640,1289
94413.254939,1290
94413.276420,1291
94413.297884,1292
94413.316666,1293
94413.338397,1294
94413.357948,1295
94413.379181,1296
94413.398833,1297
94413.418568,1298
94413.439228,1299
94413.463567,1300
94413.484212,1301
94413.503919,1302
94413.523931,1303
94413.545111,1304
94413.563855,1305
94413.584598,1306
94413.605548,1307
94413.625769,1308
94413.644210,1309
94413.665163,1310
94413.684638,1311
94413.705947,1312
94413.726747,1313
94413.747357,1314
94413.768244,1315
94413.787039,1316
94413.807724,1317
94413.826952,1318
94413.847644,1319
94413.867913,1320
94413.887973,1321
94413.907723,1322
94413.926850,1323
94413.948412,1324
94413.969278,1325
94413.989565,1326
94414.009022,1327
94414.027880,1328
94414.047398,1329
94414.066503,1330
94414.084877,1331
94414.104834,1332
94414.126372,1333
94414.146820,1334
94414.167295,1335
94414.187744,1336
94414.209784,1337
94414.230624,1338
94414.250400,1339
94414.269733,1340
94414.292473,1341
94414.311699,1342
94414.332257,1343
94414.352787,1344
94414.374823,1345
94414.396742,1346
94414.416229,1347
94414.435635,1348
94414.456253,1349
94414.478130,1350
94414.497410,1351
94414.518956,1352
94414.538298,1353
94414.559789,1354
94414.578356,1355
94414.598599,1356
94414.617324,1357
94414.639011,1358
94414.657532,1359
94414.678716,1360
94414.698702,1361
94414.718899,1362
94414.738832,1363
94414.759502,1364
94414.780840,1365
94414.801759,1366
94414.824684,1367
94414.847050,1368
94414.872608,1369
94414.896532,1370
94414.915789,1371
94414.935049,1372
94414.954774,1373
94414.975329,1374
94414.995036,1375
94415.014378,1376
94415.033104,1377
94415.052844,1378
94415.073331,1379
94415.092947,1380
94415.112405,1381
94415.133801,1382
94415.155649,1383
94415.176423,1384
94415.195969,1385
94415.216533,1386
94415.237413,1387
94415.261552,1388
94415.282789,1389
94415.305266,1390
94415.325652,1391
94415.348772,1392
94415.369547,1393
94415.390742,1394
94415.411718,1395
94415.432054,1396
94415.452882,1397
94415.473546,1398
94415.494008,1399
94415.518770,1400
94415.536724,1401
94415.556853,1402
94415.578739,1403
94415.596624,1404
94415.617061,1405
94415.638016,1406
94415.655927,1407
94415.676542,1408
94415.697201,1409
94415.717515,1410
94415.738703,1411
94415.759996,1412
94415.781890,1413
94415.802837,1414
94415.823888,1415
94415.844059,1416
94415.864747,1417
94415.883671,1418
94415.903919,1419
94415.925912,1420
94415.944134,1421
94415.964332,1422
94415.986415,1423
94416.006025,1424
94416.025588,1425
94416.044136,1426
94416.065184,1427
94416.085968,1428
94416.104545,1429
94416.124172,1430
94416.144345,1431
94416.164218,1432
94416.182800,1433
94416.204454,1434
94416.224201,1435
94416.244103,1436
94416.263375,1437
94416.282215,1438
94416.299053,1439
94416.320907,1440
94416.341825,1441
94416.361883,1442
94416.381823,1443
94416.399967,1444
94416.420541,1445
94416.441425,1446
94416.462551,1447
94416.485160,1448
94416.504901,1449
94416.525204,1450
94416.543864,1451
94416.562504,1452
94416.584232,1453
94416.600184,1454
94416.619180,1455
94416.640324,1456
94416.660880,1457
94416.682650,1458
94416.700702,1459
94416.720452,1460
94416.739844,1461
94416.758405,1462
94416.776627,1463
94416.796871,1464
94416.815323,1465
94416.836465,1466
94416.855819,1467
94416.877094,1468
94416.897716,1469
94416.916237,1470
94416.936294,1471
94416.953730,1472
94416.975491,1473
94416.994967,1474
94417.015868,1475
94417.035969,1476
94417.054532,1477
94417.074074,1478
94417.091772,1479
94417.111519,1480
94417.131580,1481
94417.151368,1482
94417.170344,1483
94417.190158,1484
94417.210321,1485
94417.231010,1486
94417.252343,1487
94417.273766,1488
94417.294962,1489
94417.316768,1490
94417.337624,1491
94417.355563,1492
94417.374222,1493
94417.394353,1494
94417.413468,1495
94417.432337,1496
94417.451354,1497
94417.469556,1498
94417.491546,1499
94417.514044,1500
94417.531157,1501
94417.552486,1502
94417.573377,1503
94417.595258,1504
94417.617238,1505
94417.636729,1506
94417.657929,1507
94417.678742,1508
94417.698273,1509
94417.720293,1510
94417.738842,1511
94417.759119,1512
94417.777830,1513
94417.796320,1514
94417.815830,1515
94417.835669,1516
94417.857353,1517
94417.877625,1518
94417.896956,1519
94417.916882,1520
94417.936612,1521
94417.956372,1522
94417.973926,1523
94417.992214,1524
94418.011721,1525
94418.031541,1526
94418.050920,1527
94418.071032,1528
94418.089683,1529
94418.108893,1530
94418.129322,1531
94418.148799,1532
94418.170253,1533
94418.191197,1534
94418.213169,1535
94418.234649,1536
94418.255889,1537
94418.274101,1538
94418.291745,1539
94418.311812,1540
94418.331251,1541
94418.353197,1542
94418.370688,1543
94418.391093,1544
94418.412738,1545
94418.435477,1546
94418.457306,1547
94418.479795,1548
94418.502348,1549
94418.520731,1550
94418.540595,1551
94418.559949,1552
94418.580275,1553
94418.601731,1554
94418.622184,1555
94418.642422,1556
94418.663598,1557
94418.685540,1558
94418.705164,1559
94418.725458,1560
94418.746823,1561
94418.767676,1562
94418.787812,1563
94418.807013,1564
94418.825804,1565
94418.845625,1566
94418.865873,1567
94418.885010,1568
94418.902353,1569
94418.923214,1570
94418.941296,1571
94418.961065,1572
94418.980734,1573
94419.000387,1574
94419.022472,1575
94419.040038,1576
94419.059780,1577
94419.080866,1578
94419.100772,1579
94419.121987,1580
94419.142054,1581
94419.161399,1582
94419.180208,1583
94419.200384,1584
94419.220214,1585
94419.240281,1586
94419.261764,1587
94419.280893,1588
94419.299189,1589
94419.317704,1590
94419.336670,1591
94419.356058,1592
94419.378373,1593
94419.399195,1594
94419.419150,1595
94419.438875,1596
94419.457544,1597
94419.478787,1598
94419.498549,1599
94419.522455,1600
94419.539850,1601
94419.557337,1602
94419.578912,1603
94419.599879,1604
94419.620909,1605
94419.641651,1606
94419.660771,1607
94419.683585,1608
94419.703445,1609
94419.724244,1610
94419.744727,1611
94419.766263,1612
94419.785427,1613
94419.805127,1614
94419.827164,1615
94419.846407,1616
94419.867640,1617
94419.885267,1618
94419.905074,1619
94419.927276,1620
94419.947781,1621
94419.967798,1622
94419.987593,1623
94420.006122,1624
94420.026712,1625
94420.047371,1626
94420.068776,1627
94420.089763,1628
94420.109285,1629
94420.128810,1630
94420.150930,1631
94420.172584,1632
94420.193622,1633
94420.212171,1634
94420.231912,1635
94420.253462,1636
94420.273341,1637
94420.295421,1638
94420.315356,1639
94420.336444,1640
94420.356970,1641
94420.377874,1642
94420.397903,1643
94420.417798,1644
94420.437583,1645
94420.457701,1646
94420.479838,1647
94420.502618,1648
94420.523460,1649
94420.544038,1650
94420.566056,1651
94420.585357,1652
94420.607725,1653
94420.628378,1654
94420.647290,1655
94420.666391,1656
94420.684469,1657
94420.704634,1658
94420.724766,1659
94420.748051,1660
94420.769922,1661
94420.789685,1662
94420.813583,1663
94420.835375,1664
94420.856546,1665
94420.880360,1666
94420.902612,1667
94420.922600,1668
94420.944620,1669
94420.965043,1670
94420.985082,1671
94421.004994,1672
94421.027242,1673
94421.049728,1674
94421.069682,1675
94421.092046,1676
94421.114687,1677
94421.135662,1678
94421.157939,1679
94421.179737,1680
94421.198869,1681
94421.218108,1682
94421.239175,1683
94421.258679,1684
94421.279692,1685
94421.298297,1686
94421.317242,1687
94421.337653,1688
94421.356934,1689
94421.376936,1690
94421.395960,1691
94421.413597,1692
94421.433755,1693
94421.453943,1694
94421.475160,1695
94421.496190,1696
94421.516312,1697
94421.537326,1698
94421.557176,1699
94421.579864,1700
94421.599496,1701
94421.621174,1702
94421.640886,1703
94421.661833,1704
94421.683813,1705
94421.704180,1706
94421.725414,1707
94421.745443,1708
94421.766273,1709
94421.784986,1710
94421.803688,1711
94421.825303,1712
94421.844462,1713
94421.867132,1714
94421.887027,1715
94421.907889,1716
94421.928576,1717
94421.948856,1718
94421.967848,1719
94421.989108,1720
94422.008524,1721
94422.028066,1722
94422.048517,1723
94422.067649,1724
94422.087771,1725
94422.106627,1726
94422.125328,1727
94422.145170,1728
94422.164523,1729
94422.184830,1730
94422.203935,1731
94422.223788,1732
94422.244943,1733
94422.262202,1734
94422.281555,1735
94422.301273,1736
94422.319703,1737
94422.340034,1738
94422.359272,1739
94422.378818,1740
94422.398308,1741
94422.416583,1742
94422.436102,1743
94422.456113,1744
94422.476577,1745
94422.495711,1746
94422.515929,1747
94422.535034,1748
94422.554495,1749
94422.572448,1750
94422.593382,1751
94422.613128,1752
94422.633808,1753
94422.652891,1754
94422.672656,1755
94422.692948,1756
94422.711692,1757
94422.732315,1758
94422.753046,1759
94422.774078,1760
94422.793909,1761
94422.814302,1762
94422.835519,1763
94422.853386,1764
94422.874666,1765
94422.893532,1766
94422.912752,1767
94422.932531,1768
94422.951068,1769
94422.968940,1770
94422.988924,1771
94423.007565,1772
94423.027088,1773
94423.046896,1774
94423.066370,1775
94423.086175,1776
94423.105531,1777
94423.129478,1778
94423.150514,1779
94423.170583,1780
94423.190427,1781
94423.209177,1782
94423.228521,1783
94423.251380,1784
94423.269655,1785
94423.289214,1786
94423.311074,1787
94423.333993,1788
94423.352660,1789
94423.372665,1790
94423.393318,1791
94423.416218,1792
94423.435977,1793
94423.456995,1794
94423.476945,1795
94423.499356,1796
94423.517912,1797
94423.537731,1798
94423.556198,1799
94423.580027,1800
94423.597803,1801
94423.617593,1802
94423.637562,1803
94423.658483,1804
94423.676603,1805
94423.697403,1806
94423.717018,1807
94423.736282,1808
94423.756448,1809
94423.777581,1810
94423.800826,1811
94423.818347,1812
94423.840144,1813
94423.858802,1814
94423.880292,1815
94423.898632,1816
94423.920983,1817
94423.944678,1818
94423.966822,1819
94423.988742,1820
94424.007748,1821
94424.029832,1822
94424.051546,1823
94424.072237,1824
94424.091333,1825
94424.110240,1826
94424.132102,1827
94424.150792,1828
94424.172560,1829
94424.194571,1830
94424.217801,1831
94424.238346,1832
94424.257420,1833
94424.277901,1834
94424.298893,1835
94424.318889,1836
94424.338079,1837
94424.358906,1838
94424.378158,1839
94424.399757,1840
94424.422639,1841
94424.443707,1842
94424.463025,1843
94424.484203,1844
94424.504682,1845
94424.524674,1846
94424.545782,1847
94424.568324,1848
94424.589523,1849
94424.608205,1850
94424.632666,1851
94424.654652,1852
94424.676989,1853
94424.697888,1854
94424.720121,1855
94424.740402,1856
94424.759741,1857
94424.780413,1858
94424.801673,1859
94424.823240,1860
94424.847625,1861
94424.868780,1862
94424.889355,1863
94424.909344,1864
94424.927898,1865
94424.947589,1866
94424.968611,1867
94424.989701,1868
94425.010399,1869
94425.031247,1870
94425.052815,1871
94425.073237,1872
94425.094161,1873
94425.115839,1874
94425.139691,1875
94425.158145,1876
94425.181419,1877
94425.200653,1878
94425.222298,1879
94425.241227,1880
94425.261781,1881
94425.282745,1882
94425.305100,1883
94425.325090,1884
94425.345147,1885
94425.366221,1886
94425.385777,1887
94425.405997,1888
94425.427877,1889
94425.448633,1890
94425.470293,1891
94425.490723,1892
94425.510318,1893
94425.530170,1894
94425.548764,1895
94425.567602,1896
94425.586682,1897
94425.606625,1898
94425.625534,1899
94425.649493,1900
94425.669537,1901
94425.688214,1902
94425.709402,1903
94425.727068,1904
94425.744457,1905
94425.764912,1906
94425.782953,1907
94425.803067,1908
94425.823241,1909
94425.846712,1910
94425.865392,1911
94425.884598,1912
94425.904441,1913
94425.927203,1914
94425.948042,1915
94425.968367,1916
94425.989682,1917
94426.011020,1918
94426.032485,1919
94426.053314,1920
94426.073274,1921
94426.093905,1922
94426.112233,1923
94426.131652,1924
94426.152238,1925
94426.169819,1926
94426.191768,1927
94426.213010,1928
94426.233475,1929
94426.254956,1930
94426.273513,1931
94426.293759,1932
94426.312582,1933
94426.331120,1934
94426.350481,1935
94426.368930,1936
94426.388075,1937
94426.410503,1938
94426.429180,1939
94426.450922,1940
94426.472274,1941
94426.492479,1942
94426.512996,1943
94426.532775,1944
94426.553076,1945
94426.572797,1946
94426.591399,1947
94426.610710,1948
94426.631075,1949
94426.650559,1950
94426.671052,1951
94426.692207,1952
94426.713270,1953
94426.733578,1954
94426.752781,1955
94426.773939,1956
94426.794850,1957
94426.815214,1958
94426.837419,1959
94426.857557,1960
94426.876582,1961
94426.896558,1962
94426.918461,1963
94426.936104,1964
94426.954023,1965
94426.972678,1966
94426.994127,1967
94427.013951,1968
94427.033097,1969
94427.052222,1970
94427.070298,1971
94427.090655,1972
94427.112908,1973
94427.131867,1974
94427.154658,1975
94427.173108,1976
94427.193362,1977
94427.211230,1978
94427.233333,1979
94427.254631,1980
94427.273630,1981
94427.292740,1982
94427.313056,1983
94427.332268,1984
94427.354541,1985
94427.372279,1986
94427.394142,1987
94427.411928,1988
94427.431678,1989
94427.450932,1990
94427.471180,1991
94427.489552,1992
94427.509541,1993
94427.527943,1994
94427.548496,1995
94427.567335,1996
94427.587454,1997
94427.605607,1998
94427.626796,1999
94427.648363,2000
94427.668299,2001
94427.688411,2002
94427.707357,2003
94427.727409,2004
94427.748410,2005
94427.768215,2006
94427.788303,2007
94427.808254,2008
94427.826703,2009
94427.846390,2010
94427.867827,2011
94427.887236,2012
94427.907846,2013
94427.927077,2014
94427.946862,2015
94427.966698,2016
94427.988450,2017
94428.009824,2018
94428.031487,2019
94428.055139,2020
94428.074984,2021
94428.094476,2022
94428.114670,2023
94428.134391,2024
94428.157590,2025
94428.177522,2026
94428.197796,2027
94428.216615,2028
94428.239374,2029
94428.259777,2030
94428.279242,2031
94428.299474,2032
94428.318745,2033
94428.338675,2034
94428.357463,2035
94428.378816,2036
94428.398677,2037
94428.421363,2038
94428.442253,2039
94428.461859,2040
94428.482771,2041
94428.502215,2042
94428.523758,2043
94428.548095,2044
94428.569914,2045
94428.589157,2046
94428.613269,2047
94428.635015,2048
94428.657694,2049
94428.677475,2050
94428.698043,2051
94428.719300,2052
94428.739758,2053
94428.761477,2054
94428.783822,2055
94428.804641,2056
94428.823800,2057
94428.842937,2058
94428.864154,2059
94428.884618,2060
94428.903517,2061
94428.923989,2062
94428.943337,2063
94428.964446,2064
94428.983754,2065
94429.002754,2066
94429.025132,2067
94429.048382,2068
94429.072788,2069
94429.093959,2070
94429.113974,2071
94429.137626,2072
94429.158038,2073
94429.179313,2074
94429.199216,2075
94429.218749,2076
94429.239115,2077
94429.258104,2078
94429.276438,2079
94429.297224,2080
94429.315920,2081
94429.336255,2082
94429.355815,2083
94429.377483,2084
94429.396259,2085
94429.416784,2086
94429.440322,2087
94429.459802,2088
94429.479261,2089
94429.499792,2090
94429.521024,2091
94429.541212,2092
94429.563485,2093
94429.583368,2094
94429.604963,2095
94429.624050,2096
94429.645625,2097
94429.663556,2098
94429.684452,2099
94429.708626,2100
94429.727165,2101
94429.748028,2102
94429.768959,2103
94429.788624,2104
94429.808269,2105
94429.828945,2106
94429.850512,2107
94429.872071,2108
94429.891756,2109
94429.911073,2110
94429.931482,2111
94429.950652,2112
94429.969818,2113
94429.989403,2114
94430.009889,2115
94430.031298,2116
94430.050976,2117
94430.069826,2118
94430.088545,2119
94430.108172,2120
94430.127881,2121
94430.146575,2122
94430.165515,2123
94430.186274,2124
94430.206460,2125
94430.226041,2126
94430.248454,2127
94430.267088,2128
94430.284227,2129
94430.303710,2130
94430.322751,2131
94430.341695,2132
94430.361482,2133
94430.379372,2134
94430.400101,2135
94430.419549,2136
94430.440314,2137
94430.459285,2138
94430.478772,2139
94430.499275,2140
94430.520429,2141
94430.539481,2142
94430.559194,2143
94430.578436,2144
94430.599960,2145
94430.618832,2146
94430.637993,2147
94430.657047,2148
94430.677641,2149
94430.698267,2150
94430.716207,2151
94430.735715,2152
94430.754358,2153
94430.773998,2154
94430.795322,2155
94430.815281,2156
94430.836313,2157
94430.854849,2158
94430.874577,2159
94430.892807,2160
94430.911350,2161
94430.931117,2162
94430.951221,2163
94430.970325,2164
94430.990739,2165
94431.011106,2166
94431.032533,2167
94431.051968,2168
94431.074368,2169
94431.095596,2170
94431.114386,2171
94431.132215,2172
94431.151321,2173
94431.169648,2174
94431.188268,2175
94431.207297,2176
94431.226074,2177
94431.246284,2178
94431.266479,2179
94431.283812,2180
94431.303393,2181
94431.322465,2182
94431.340888,2183
94431.358370,2184
94431.381800,2185
94431.400225,2186
94431.420483,2187
94431.438352,2188
94431.459358,2189
94431.478594,2190
94431.499082,2191
94431.518762,2192
94431.537830,2193
94431.558935,2194
94431.579205,2195
94431.600172,2196
94431.618966,2197
94431.637281,2198
94431.656505,2199
94431.678495,2200
94431.697791,2201
94431.719040,2202
94431.739575,2203
94431.760407,2204
94431.779742,2205
94431.799024,2206
94431.817306,2207
94431.837682,2208
94431.857531,2209
94431.877903,2210
94431.896563,2211
94431.916988,2212
94431.936655,2213
94431.957078,2214
94431.978041,2215
94431.996804,2216
94432.015281,2217
94432.038745,2218
94432.057368,2219
94432.077697,2220
94432.097187,2221
94432.114982,2222
94432.133066,2223
94432.151578,2224
94432.171938,2225
94432.194462,2226
94432.212917,2227
94432.230764,2228
94432.250926,2229
94432.271903,2230
94432.289357,2231
94432.309819,2232
94432.329800,2233
94432.348214,2234
94432.366343,2235
94432.385344,2236
94432.404503,2237
94432.425262,2238
94432.443824,2239
94432.465084,2240
94432.485846,2241
94432.505952,2242
94432.524834,2243
94432.545215,2244
94432.565046,2245
94432.587361,2246
94432.609210,2247
94432.629453,2248
94432.648903,2249
94432.669883,2250
94432.690871,2251
94432.709682,2252
94432.729720,2253
94432.749371,2254
94432.771236,2255
94432.791382,2256
94432.811271,2257
94432.830970,2258
94432.850654,2259
94432.871182,2260
94432.889395,2261
94432.909371,2262
94432.929649,2263
94432.949470,2264
94432.966780,2265
94432.990045,2266
94433.010443,2267
94433.031938,2268
94433.051494,2269
94433.073094,2270
94433.093336,2271
94433.112717,2272
94433.134627,2273
94433.151246,2274
94433.174256,2275
94433.194484,2276
94433.214909,2277
94433.236580,2278
94433.256506,2279
94433.276170,2280
94433.296464,2281
94433.315533,2282
94433.336806,2283
94433.355687,2284
94433.377091,2285
94433.397268,2286
94433.417640,2287
94433.437099,2288
94433.456876,2289
94433.478773,2290
94433.497403,2291
94433.515235,2292
94433.533823,2293
94433.555742,2294
94433.574916,2295
94433.594972,2296
94433.614803,2297
94433.633843,2298
94433.654754,2299
94433.678741,2300
94433.695610,2301
94433.716497,2302
94433.736563,2303
94433.756257,2304
94433.777300,2305
94433.796876,2306
94433.817267,2307
94433.838205,2308
94433.858474,2309
94433.876792,2310
94433.895631,2311
94433.917039,2312
94433.937240,2313
94433.956462,2314
94433.974224,2315
94433.994350,2316
94434.014109,2317
94434.034377,2318
94434.053747,2319
94434.072148,2320
94434.091830,2321
94434.110715,2322
94434.131878,2323
94434.150245,2324
94434.168814,2325
94434.188386,2326
94434.208325,2327
94434.228381,2328
94434.247333,2329
94434.266188,2330
94434.287707,2331
94434.305866,2332
94434.327326,2333
94434.346213,2334
94434.365619,2335
94434.385337,2336
94434.404822,2337
94434.425513,2338
94434.445625,2339
94434.464595,2340
94434.484685,2341
94434.503727,2342
94434.522968,2343
94434.542483,2344
94434.563317,2345
94434.584134,2346
94434.602882,2347
94434.623080,2348
94434.643344,2349
94434.661508,2350
94434.683289,2351
94434.700816,2352
94434.720551,2353
94434.742059,2354
94434.762283,2355
94434.781503,2356
94434.800752,2357
94434.820699,2358
94434.840582,2359
94434.858918,2360
94434.878789,2361
94434.899422,2362
94434.917906,2363
94434.935824,2364
94434.956256,2365
94434.975878,2366
94434.996855,2367
94435.015571,2368
94435.036731,2369
94435.059568,2370
94435.078383,2371
94435.098365,2372
94435.119612,2373
94435.138514,2374
94435.158632,2375
94435.178722,2376
94435.198655,2377
94435.218052,2378
94435.238532,2379
94435.256926,2380
94435.274790,2381
94435.296099,2382
94435.316587,2383
94435.335346,2384
94435.357477,2385
94435.376702,2386
94435.397314,2387
94435.415459,2388
94435.436028,2389
94435.456789,2390
94435.476081,2391
94435.496958,2392
94435.518344,2393
94435.537404,2394
94435.555393,2395
94435.575137,2396
94435.593516,2397
94435.614376,2398
94435.634319,2399
94435.656867,2400
94435.675924,2401
94435.696200,2402
94435.715012,2403
94435.734381,2404
94435.754191,2405
94435.776088,2406
94435.795167,2407
94435.817049,2408
94435.837008,2409
94435.856780,2410
94435.878092,2411
94435.899274,2412
94435.920027,2413
94435.940971,2414
94435.960197,2415
94435.978316,2416
94435.997335,2417
94436.018523,2418
94436.039230,2419
94436.059371,2420
94436.078745,2421
94436.097808,2422
94436.115824,2423
94436.137731,2424
94436.157734,2425
94436.177244,2426
94436.196070,2427
94436.216805,2428
94436.236796,2429
94436.255452,2430
94436.280798,2431
94436.299837,2432
94436.319232,2433
94436.340389,2434
94436.359651,2435
94436.380244,2436
94436.399726,2437
94436.421163,2438
94436.439313,2439
94436.459262,2440
94436.478123,2441
94436.498342,2442
94436.518528,2443
94436.539184,2444
94436.559427,2445
94436.578148,2446
94436.598443,2447
94436.616405,2448
94436.634036,2449
94436.655210,2450
94436.673901,2451
94436.693829,2452
94436.713936,2453
94436.734215,2454
94436.753684,2455
94436.773374,2456
94436.793174,2457
94436.814216,2458
94436.832441,2459
94436.852917,2460
94436.873061,2461
94436.891405,2462
94436.911189,2463
94436.929526,2464
94436.950214,2465
94436.971560,2466
94436.990956,2467
94437.011541,2468
94437.032378,2469
94437.052047,2470
94437.073239,2471
94437.094470,2472
94437.112983,2473
94437.134937,2474
94437.154588,2475
94437.176051,2476
94437.195143,2477
94437.216693,2478
94437.235849,2479
94437.257912,2480
94437.276937,2481
94437.297627,2482
94437.314830,2483
94437.334383,2484
94437.354844,2485
94437.375464,2486
94437.394635,2487
94437.414125,2488
94437.434177,2489
94437.455098,2490
94437.474713,2491
94437.495008,2492
94437.513732,2493
94437.534827,2494
94437.554790,2495
94437.574777,2496
94437.592666,2497
94437.613013,2498
94437.632470,2499
94437.656285,2500
94437.673773,2501
94437.692684,2502
94437.712806,2503
94437.733898,2504
94437.754683,2505
94437.772839,2506
94437.792367,2507
94437.810699,2508
94437.829814,2509
94437.850599,2510
94437.870366,2511
94437.890880,2512
94437.908628,2513
94437.931377,2514
94437.950837,2515
94437.969513,2516
94437.990616,2517
94438.009155,2518
94438.028276,2519
94438.047890,2520
94438.067833,2521
94438.089867,2522
94438.111109,2523
94438.131022,2524
94438.153213,2525
94438.173977,2526
94438.194234,2527
94438.213710,2528
94438.231703,2529
94438.253814,2530
94438.275884,2531
94438.296658,2532
94438.317771,2533
94438.339391,2534
94438.362248,2535
94438.380700,2536
94438.401006,2537
94438.430079,2538
94438.450584,2539
94438.470594,2540
94438.489962,2541
94438.511078,2542
94438.532180,2543
94438.552463,2544
94438.573344,2545
94438.594092,2546
94438.613838,2547
94438.633472,2548
94438.652364,2549
94438.672923,2550
94438.694989,2551
94438.715289,2552
94438.735655,2553
94438.754514,2554
94438.773189,2555
94438.794361,2556
94438.815443,2557
94438.835236,2558
94438.856930,2559
94438.876661,2560
94438.897597,2561
94438.918541,2562
94438.939508,2563
94438.959436,2564
94438.979365,2565
94438.998897,2566
94439.019038,2567
94439.037584,2568
94439.061177,2569
94439.082716,2570
94439.103070,2571
94439.126347,2572
94439.148007,2573
94439.168131,2574
94439.186240,2575
94439.208186,2576
94439.229790,2577
94439.250568,2578
94439.272914,2579
94439.291791,2580
94439.312202,2581
94439.333232,2582
94439.353242,2583
94439.372960,2584
94439.392203,2585
94439.412375,2586
94439.431267,2587
94439.451779,2588
94439.473212,2589
94439.493238,2590
94439.511754,2591
94439.531319,2592
94439.550717,2593
94439.571415,2594
94439.592885,2595
94439.612557,2596
94439.632197,2597
94439.651957,2598
94439.670787,2599
94439.693238,2600
94439.711739,2601
94439.729812,2602
94439.753542,2603
94439.771918,2604
94439.792561,2605
94439.808543,2606
94439.827807,2607
94439.846611,2608
94439.864096,2609
94439.882555,2610
94439.901591,2611
94439.918713,2612
94439.938369,2613
94439.956583,2614
94439.975993,2615
94439.994852,2616
94440.014621,2617
94440.034990,2618
94440.054894,2619
94440.074438,2620
94440.094907,2621
94440.116283,2622
94440.134919,2623
94440.154669,2624
94440.174700,2625
94440.193734,2626
94440.214525,2627
94440.233265,2628
94440.254409,2629
94440.272663,2630
94440.292237,2631
94440.311629,2632
94440.330250,2633
94440.351318,2634
94440.371714,2635
94440.390790,2636
94440.412627,2637
94440.432971,2638
94440.455410,2639
94440.473495,2640
94440.495370,2641
94440.514360,2642
94440.533424,2643
94440.553791,2644
94440.574418,2645
94440.595771,2646
94440.616580,2647
94440.634335,2648
94440.653353,2649
94440.672624,2650
94440.692711,2651
94440.713813,2652
94440.735163,2653
94440.755026,2654
94440.776920,2655
94440.795959,2656
94440.816293,2657
94440.835467,2658
94440.855289,2659
94440.874461,2660
94440.895721,2661
94440.916537,2662
94440.936827,2663
94440.956931,2664
94440.977675,2665
94440.997243,2666
94441.018791,2667
94441.042957,2668
94441.064298,2669
94441.084592,2670
94441.105343,2671
94441.124491,2672
94441.145403,2673
94441.164751,2674
94441.185916,2675
94441.204495,2676
94441.223451,2677
94441.243323,2678
94441.262490,2679
94441.282200,2680
94441.301070,2681
94441.320740,2682
94441.340050,2683
94441.360580,2684
94441.379955,2685
94441.400915,2686
94441.420478,2687
94441.439311,2688
94441.459257,2689
94441.479889,2690
94441.500052,2691
94441.521620,2692
94441.541628,2693
94441.562457,2694
94441.582818,2695
94441.604122,2696
94441.623759,2697
94441.642207,2698
94441.660988,2699
94441.687082,2700
94441.705913,2701
94441.727583,2702
94441.750449,2703
94441.771228,2704
94441.791746,2705
94441.809959,2706
94441.829859,2707
94441.851352,2708
94441.870292,2709
94441.888463,2710
94441.908794,2711
94441.926619,2712
94441.945221,2713
94441.965906,2714
94441.986300,2715
94442.005015,2716
94442.022878,2717
94442.041611,2718
94442.061473,2719
94442.080948,2720
94442.101535,2721
94442.121379,2722
94442.140058,2723
94442.159862,2724
94442.178708,2725
94442.195604,2726
94442.215967,2727
94442.234303,2728
94442.254808,2729
94442.273762,2730
94442.291589,2731
94442.310014,2732
94442.328048,2733
94442.345536,2734
94442.363970,2735
94442.383949,2736
94442.402355,2737
94442.421641,2738
94442.441605,2739
94442.459614,2740
94442.481792,2741
94442.499639,2742
94442.518253,2743
94442.537067,2744
94442.557302,2745
94442.577195,2746
94442.595319,2747
94442.614727,2748
94442.633640,2749
94442.653138,2750
94442.672307,2751
94442.691276,2752
94442.710306,2753
94442.730664,2754
94442.749299,2755
94442.769260,2756
94442.787735,2757
94442.806539,2758
94442.827422,2759
94442.845581,2760
94442.865726,2761
94442.886410,2762
94442.903870,2763
94442.923022,2764
94442.941955,2765
94442.961147,2766
94442.978775,2767
94442.997748,2768
94443.018829,2769
94443.037856,2770
94443.056545,2771
94443.074526,2772
94443.093499,2773
94443.111424,2774
94443.128624,2775
94443.148011,2776
94443.166514,2777
94443.184133,2778
94443.203893,2779
94443.223393,2780
94443.241867,2781
94443.261821,2782
94443.282776,2783
94443.301958,2784
94443.320856,2785
94443.340258,2786
94443.358692,2787
94443.377688,2788
94443.398402,2789
94443.419059,2790
94443.436595,2791
94443.455497,2792
94443.473916,2793
94443.492750,2794
94443.512058,2795
94443.532343,2796
94443.549623,2797
94443.568691,2798
94443.586576,2799
94443.609680,2800
94443.628380,2801
94443.647286,2802
94443.665878,2803
94443.686646,2804
94443.707185,2805
94443.726723,2806
94443.745608,2807
94443.766214,2808
94443.783735,2809
94443.807925,2810
94443.826358,2811
94443.846251,2812
94443.869546,2813
94443.889208,2814
94443.908687,2815
94443.928312,2816
94443.948276,2817
94443.968736,2818
94443.987094,2819
94444.007366,2820
94444.027200,2821
94444.046995,2822
94444.068278,2823
94444.088273,2824
94444.109865,2825
94444.129955,2826
94444.149180,2827
94444.168762,2828
94444.188095,2829
94444.208706,2830
94444.228288,2831
94444.248352,2832
94444.268094,2833
94444.288897,2834
94444.307835,2835
94444.329227,2836
94444.347355,2837
94444.367041,2838
94444.386734,2839
94444.406785,2840
94444.427053,2841
94444.445117,2842
94444.465018,2843
94444.486025,2844
94444.504625,2845
94444.524365,2846
94444.545123,2847
94444.566821,2848
94444.585327,2849
94444.603969,2850
94444.623694,2851
94444.644867,2852
94444.666511,2853
94444.684074,2854
94444.702981,2855
94444.722101,2856
94444.741764,2857
94444.760556,2858
94444.780759,2859
94444.799304,2860
94444.817673,2861
94444.837478,2862
94444.856779,2863
94444.876053,2864
94444.895955,2865
94444.915286,2866
94444.934208,2867
94444.954494,2868
94444.973850,2869
94444.991766,2870
94445.011937,2871
94445.033656,2872
94445.052299,2873
94445.074334,2874
94445.093210,2875
94445.110708,2876
94445.130262,2877
94445.150833,2878
94445.170695,2879
94445.189866,2880
94445.208536,2881
94445.227611,2882
94445.247952,2883
94445.267302,2884
94445.286981,2885
94445.307740,2886
94445.327361,2887
94445.345324,2888
94445.364075,2889
94445.383613,2890
94445.402302,2891
94445.421370,2892
94445.440853,2893
94445.461148,2894
94445.483505,2895
94445.505507,2896
94445.526825,2897
94445.546605,2898
94445.568256,2899
94445.590321,2900
94445.610586,2901
94445.631702,2902
94445.651970,2903
94445.669254,2904
94445.688892,2905
94445.709591,2906
94445.729314,2907
94445.748816,2908
94445.766974,2909
94445.784493,2910
94445.804579,2911
94445.824392,2912
94445.844266,2913
94445.864462,2914
94445.883466,2915
94445.901599,2916
94445.923648,2917
94445.943241,2918
94445.963432,2919
94445.982869,2920
94446.002163,2921
94446.021911,2922
94446.040940,2923
94446.058946,2924
94446.079381,2925
94446.099289,2926
94446.117600,2927
94446.137707,2928
94446.158758,2929
94446.177793,2930
94446.197542,2931
94446.216495,2932
94446.235364,2933
94446.255009,2934
94446.273397,2935
94446.294455,2936
94446.312289,2937
94446.332983,2938
94446.350297,2939
94446.368305,2940
94446.387905,2941
94446.405739,2942
94446.424071,2943
94446.445028,2944
94446.462909,2945
94446.481646,2946
94446.500779,2947
94446.519394,2948
94446.537917,2949
94446.556617,2950
94446.576368,2951
94446.595495,2952
94446.613943,2953
94446.632338,2954
94446.650658,2955
94446.669800,2956
94446.687860,2957
94446.706437,2958
94446.724976,2959
94446.744079,2960
94446.764295,2961
94446.783922,2962
94446.805218,2963
94446.823439,2964
94446.842436,2965
94446.862010,2966
94446.884476,2967
94446.903908,2968
94446.922832,2969
94446.943052,2970
94446.961899,2971
94446.981737,2972
94447.000699,2973
94447.021790,2974
94447.041565,2975
94447.060400,2976
94447.077670,2977
94447.095069,2978
94447.117635,2979
94447.136370,2980
94447.155332,2981
94447.173494,2982
94447.193731,2983
94447.211206,2984
94447.228753,2985
94447.247709,2986
94447.268978,2987
94447.288518,2988
94447.308415,2989
94447.327056,2990
94447.346911,2991
94447.363936,2992
94447.381922,2993
94447.401893,2994
94447.419766,2995
94447.438240,2996
94447.457401,2997
94447.478162,2998
94447.496842,2999
94447.519506,3000
94447.531055,3001
94447.543748,3002
94447.555610,3003
94447.570164,3004
94447.584323,3005
94447.603172,3006
94447.621167,3007
94447.641443,3008
94447.661218,3009
94447.682908,3010
94447.704392,3011
94447.724693,3012
94447.746737,3013
94447.766946,3014
94447.792441,3015
94447.813833,3016
94447.835328,3017
94447.861860,3018
94447.883790,3019
94447.905177,3020
94447.927130,3021
94447.952392,3022
94447.976715,3023
94447.998071,3024
94448.022306,3025
94448.048538,3026
94448.071184,3027
94448.095488,3028
94448.116665,3029
94448.141338,3030
94448.163514,3031
94448.186331,3032
94448.209036,3033
94448.234387,3034
94448.254626,3035
94448.276797,3036
94448.297698,3037
94448.321871,3038
94448.345219,3039
94448.367184,3040
94448.390075,3041
94448.416402,3042
94448.438736,3043
94448.462437,3044
94448.486865,3045
94448.513018,3046
94448.536336,3047
94448.559612,3048
94448.582216,3049
94448.607696,3050
94448.628531,3051
94448.653241,3052
94448.676413,3053
94448.700663,3054
94448.724881,3055
94448.749081,3056
94448.771580,3057
94448.797195,3058
94448.820778,3059
94448.843744,3060
94448.863604,3061
94448.885938,3062
94448.909051,3063
94448.931088,3064
94448.955233,3065
94448.977023,3066
94449.000658,3067
94449.023903,3068
94449.047079,3069
94449.067751,3070
94449.089719,3071
94449.112341,3072
94449.132028,3073
94449.155688,3074
94449.178459,3075
94449.200820,3076
94449.225023,3077
94449.246728,3078
94449.271390,3079
94449.293867,3080
94449.317357,3081
94449.339348,3082
94449.363321,3083
94449.385315,3084
94449.409676,3085
94449.431370,3086
94449.456270,3087
94449.478294,3088
94449.503233,3089
94449.524637,3090
94449.549564,3091
94449.571941,3092
94449.593755,3093
94449.617254,3094
94449.639984,3095
94449.662405,3096
94449.684915,3097
94449.708378,3098
94449.731807,3099
94449.757165,3100
94449.772458,3101
94449.790150,3102
94449.807914,3103
94449.825248,3104
94449.844059,3105
94449.863018,3106
94449.880703,3107
94449.896795,3108
94449.914560,3109
94449.930975,3110
94449.949274,3111
94449.965856,3112
94449.982250,3113
94450.000388,3114
94450.018864,3115
94450.035707,3116
94450.053864,3117
94450.072470,3118
94450.089519,3119
94450.107231,3120
94450.126048,3121
94450.142781,3122
94450.159970,3123
94450.177463,3124
94450.194591,3125
94450.214165,3126
94450.231932,3127
94450.249727,3128
94450.266561,3129
94450.284909,3130
94450.301821,3131
94450.318075,3132
94450.336349,3133
94450.354683,3134
94450.373602,3135
94450.390523,3136
94450.408532,3137
94450.426155,3138
94450.444343,3139
94450.462261,3140
94450.480361,3141
94450.498285,3142
94450.517216,3143
94450.535738,3144
94450.554376,3145
94450.571462,3146
94450.589389,3147
94450.606383,3148
94450.624676,3149
94450.642653,3150
94450.660082,3151
94450.677186,3152
94450.694485,3153
94450.712270,3154
94450.731386,3155
94450.750190,3156
94450.766938,3157
94450.785034,3158
94450.802725,3159
94450.821517,3160
94450.837795,3161
94450.855377,3162
94450.873275,3163
94450.892512,3164
94450.910572,3165
94450.927301,3166
94450.944637,3167
94450.964407,3168
94450.982335,3169
94451.000554,3170
94451.016959,3171
94451.035316,3172
94451.053778,3173
94451.072055,3174
94451.090045,3175
94451.107354,3176
94451.125303,3177
94451.141797,3178
94451.159454,3179
94451.177763,3180
94451.194052,3181
94451.212978,3182
94451.231471,3183
94451.249528,3184
94451.266641,3185
94451.285267,3186
94451.302257,3187
94451.320422,3188
94451.339328,3189
94451.356754,3190
94451.374951,3191
94451.392057,3192
94451.409664,3193
94451.427843,3194
94451.445412,3195
94451.464405,3196
94451.483537,3197
94451.501698,3198
94451.519931,3199
94451.541336,3200
94451.558247,3201
94451.576005,3202
94451.593515,3203
94451.610146,3204
94451.627686,3205
94451.645056,3206
94451.662486,3207
94451.679883,3208
94451.697870,3209
94451.715747,3210
94451.732753,3211
94451.750654,3212
94451.767273,3213
94451.784171,3214
94451.799920,3215
94451.817542,3216
94451.834727,3217
94451.850995,3218
94451.868437,3219
94451.885402,3220
94451.902298,3221
94451.919078,3222
94451.936309,3223
94451.953597,3224
94451.971657,3225
94451.989061,3226
94452.006708,3227
94452.023607,3228
94452.040518,3229
94452.058749,3230
94452.077726,3231
94452.094656,3232
94452.111660,3233
94452.128730,3234
94452.146783,3235
94452.164218,3236
94452.181145,3237
94452.199022,3238
94452.217809,3239
94452.234932,3240
94452.252347,3241
94452.270304,3242
94452.286721,3243
94452.303927,3244
94452.320801,3245
94452.337096,3246
94452.353496,3247
94452.370036,3248
94452.387103,3249
94452.404975,3250
94452.422105,3251
94452.440431,3252
94452.456456,3253
94452.473356,3254
94452.490474,3255
94452.507901,3256
94452.524125,3257
94452.541987,3258
94452.558543,3259
94452.576008,3260
94452.594315,3261
94452.611949,3262
94452.628810,3263
94452.646298,3264
94452.662885,3265
94452.679347,3266
94452.696585,3267
94452.714288,3268
94452.731890,3269
94452.748229,3270
94452.765299,3271
94452.783652,3272
94452.801932,3273
94452.817992,3274
94452.835910,3275
94452.853785,3276
94452.870391,3277
94452.887717,3278
94452.905822,3279
94452.923199,3280
94452.939713,3281
94452.956393,3282
94452.974713,3283
94452.993638,3284
94453.010663,3285
94453.028259,3286
94453.046342,3287
94453.064041,3288
94453.080888,3289
94453.098929,3290
94453.115735,3291
94453.133708,3292
94453.149366,3293
94453.165993,3294
94453.183277,3295
94453.201470,3296
94453.218875,3297
94453.237526,3298
94453.255079,3299
94453.275661,3300
94453.291930,3301
94453.309440,3302
94453.326882,3303
94453.345650,3304
94453.363809,3305
94453.380320,3306
94453.398582,3307
94453.415821,3308
94453.433327,3309
94453.451124,3310
94453.468574,3311
94453.486318,3312
94453.503537,3313
94453.521012,3314
94453.538680,3315
94453.555995,3316
94453.573111,3317
94453.590251,3318
94453.608661,3319
94453.627571,3320
94453.643672,3321
94453.660752,3322
94453.678076,3323
94453.694301,3324
94453.711519,3325
94453.729675,3326
94453.747048,3327
94453.763211,3328
94453.779861,3329
94453.795962,3330
94453.812544,3331
94453.830186,3332
94453.847944,3333
94453.865482,3334
94453.882684,3335
94453.900458,3336
94453.918036,3337
94453.934079,3338
94453.952089,3339
94453.967914,3340
94453.985594,3341
94454.002538,3342
94454.019777,3343
94454.036865,3344
94454.053321,3345
94454.069270,3346
94454.086756,3347
94454.103648,3348
94454.120817,3349
94454.137371,3350
94454.153882,3351
94454.171156,3352
94454.187921,3353
94454.205523,3354
94454.222829,3355
94454.238732,3356
94454.256678,3357
94454.274954,3358
94454.292578,3359
94454.308634,3360
94454.326712,3361
94454.344758,3362
94454.361842,3363
94454.378574,3364
94454.395379,3365
94454.413449,3366
94454.429683,3367
94454.444924,3368
94454.462494,3369
94454.481068,3370
94454.498554,3371
94454.516666,3372
94454.535114,3373
94454.552337,3374
94454.569405,3375
94454.586794,3376
94454.604622,3377
94454.621544,3378
94454.638630,3379
94454.656683,3380
94454.673908,3381
94454.691311,3382
94454.707513,3383
94454.725326,3384
94454.742874,3385
94454.760197,3386
94454.777066,3387
94454.795564,3388
94454.813349,3389
94454.830616,3390
94454.847523,3391
94454.864619,3392
94454.881604,3393
94454.898338,3394
94454.915595,3395
94454.933074,3396
94454.949458,3397
94454.966664,3398
94454.984735,3399
94455.006365,3400
94455.024076,3401
94455.041695,3402
94455.058101,3403
94455.074805,3404
94455.091239,3405
94455.107421,3406
94455.124323,3407
94455.140286,3408
94455.157568,3409
94455.173814,3410
94455.191218,3411
94455.207382,3412
94455.224015,3413
94455.240527,3414
94455.258006,3415
94455.274653,3416
94455.291538,3417
94455.308110,3418
94455.323228,3419
94455.339421,3420
94455.356213,3421
94455.372768,3422
94455.389367,3423
94455.406364,3424
94455.423288,3425
94455.440097,3426
94455.456911,3427
94455.473849,3428
94455.490273,3429
94455.507959,3430
94455.523624,3431
94455.539336,3432
94455.556019,3433
94455.573448,3434
94455.590593,3435
94455.607059,3436
94455.625306,3437
94455.641927,3438
94455.657771,3439
94455.674790,3440
94455.691761,3441
94455.708343,3442
94455.725693,3443
94455.742402,3444
94455.758426,3445
94455.774608,3446
94455.790401,3447
94455.806590,3448
94455.823125,3449
94455.839567,3450
94455.856017,3451
94455.873704,3452
94455.890691,3453
94455.908062,3454
94455.925143,3455
94455.942029,3456
94455.959301,3457
94455.975933,3458
94455.993216,3459
94456.009234,3460
94456.025668,3461
94456.042021,3462
94456.058042,3463
94456.074309,3464
94456.090909,3465
94456.108403,3466
94456.125230,3467
94456.142553,3468
94456.159399,3469
94456.177194,3470
94456.193566,3471
94456.210257,3472
94456.226830,3473
94456.243911,3474
94456.260997,3475
94456.278688,3476
94456.296771,3477
94456.314615,3478
94456.329812,3479
94456.347373,3480
94456.364559,3481
94456.381963,3482
94456.398848,3483
94456.415942,3484
94456.432496,3485
94456.449236,3486
94456.465499,3487
94456.482039,3488
94456.499703,3489
94456.517484,3490
94456.534953,3491
94456.551921,3492
94456.568494,3493
94456.585653,3494
94456.602275,3495
94456.618899,3496
94456.635169,3497
94456.650836,3498
94456.667828,3499
94456.687927,3500
94456.703428,3501
94456.721072,3502
94456.738655,3503
94456.755606,3504
94456.773690,3505
94456.792046,3506
94456.810362,3507
94456.827517,3508
94456.844404,3509
94456.862477,3510
94456.878951,3511
94456.896531,3512
94456.913870,3513
94456.931350,3514
94456.949327,3515
94456.967817,3516
94456.984275,3517
94457.002470,3518
94457.020822,3519
94457.036340,3520
94457.054621,3521
94457.070650,3522
94457.086823,3523
94457.104314,3524
94457.121903,3525
94457.139230,3526
94457.156458,3527
94457.174184,3528
94457.191075,3529
94457.208506,3530
94457.226409,3531
94457.243605,3532
94457.260640,3533
94457.278325,3534
94457.295545,3535
94457.313242,3536
94457.331269,3537
94457.349024,3538
94457.367065,3539
94457.384047,3540
94457.401820,3541
94457.419470,3542
94457.437717,3543
94457.455659,3544
94457.473968,3545
94457.492740,3546
94457.511424,3547
94457.529733,3548
94457.546947,3549
94457.565755,3550
94457.582836,3551
94457.601475,3552
94457.619525,3553
94457.638258,3554
94457.657502,3555
94457.675701,3556
94457.693713,3557
94457.711365,3558
94457.728884,3559
94457.746824,3560
94457.765419,3561
94457.784383,3562
94457.803481,3563
94457.820714,3564
94457.837409,3565
94457.855005,3566
94457.872407,3567
94457.889871,3568
94457.906683,3569
94457.924931,3570
94457.942354,3571
94457.960472,3572
94457.976684,3573
94457.993748,3574
94458.010806,3575
94458.028931,3576
94458.045397,3577
94458.063305,3578
94458.080494,3579
94458.097637,3580
94458.115248,3581
94458.133073,3582
94458.149823,3583
94458.166678,3584
94458.184433,3585
94458.201557,3586
94458.219435,3587
94458.237038,3588
94458.254381,3589
94458.271679,3590
94458.289921,3591
94458.307410,3592
94458.324633,3593
94458.343470,3594
94458.360967,3595
94458.377846,3596
94458.395968,3597
94458.414627,3598
94458.433348,3599
94458.452949,3600
94458.468821,3601
94458.487311,3602
94458.504468,3603
94458.523669,3604
94458.541128,3605
94458.558867,3606
94458.576546,3607
94458.593599,3608
94458.611336,3609
94458.628908,3610
94458.646956,3611
94458.664382,3612
94458.681731,3613
94458.698566,3614
94458.716082,3615
94458.733121,3616
94458.750175,3617
94458.767643,3618
94458.784708,3619
94458.801837,3620
94458.819509,3621
94458.836751,3622
94458.855139,3623
94458.871825,3624
94458.889714,3625
94458.906243,3626
94458.923864,3627
94458.941636,3628
94458.958720,3629
94458.975450,3630
94458.993350,3631
94459.011931,3632
94459.028748,3633
94459.045057,3634
94459.061300,3635
94459.079301,3636
94459.096768,3637
94459.114285,3638
94459.132497,3639
94459.149818,3640
94459.166744,3641
94459.184311,3642
94459.202466,3643
94459.218782,3644
94459.236386,3645
94459.254329,3646
94459.271899,3647
94459.291956,3648
94459.309427,3649
94459.327427,3650
94459.344045,3651
94459.361345,3652
94459.379476,3653
94459.397586,3654
94459.414654,3655
94459.432304,3656
94459.449381,3657
94459.467364,3658
94459.483380,3659
94459.500877,3660
94459.517612,3661
94459.535119,3662
94459.553174,3663
94459.570413,3664
94459.586841,3665
94459.605139,3666
94459.621983,3667
94459.640169,3668
94459.657271,3669
94459.675466,3670
94459.693995,3671
94459.711684,3672
94459.728994,3673
94459.746752,3674
94459.763618,3675
94459.780389,3676
94459.798521,3677
94459.816236,3678
94459.833274,3679
94459.850966,3680
94459.867732,3681
94459.884855,3682
94459.902190,3683
94459.919962,3684
94459.936673,3685
94459.953449,3686
94459.970684,3687
94459.988610,3688
94460.004951,3689
94460.022922,3690
94460.040377,3691
94460.057253,3692
94460.073614,3693
94460.090919,3694
94460.108299,3695
94460.125246,3696
94460.142466,3697
94460.160541,3698
94460.177690,3699
94460.199086,3700
94460.215560,3701
94460.232441,3702
94460.250398,3703
94460.267745,3704
94460.285944,3705
94460.303263,3706
94460.322404,3707
94460.340484,3708
94460.358435,3709
94460.375624,3710
94460.393780,3711
94460.412094,3712
94460.429237,3713
94460.447602,3714
94460.466554,3715
94460.483888,3716
94460.502186,3717
94460.519607,3718
94460.538027,3719
94460.554593,3720
94460.573918,3721
94460.591896,3722
94460.609451,3723
94460.627443,3724
94460.644524,3725
94460.660869,3726
94460.679764,3727
94460.698259,3728
94460.715369,3729
94460.733778,3730
94460.751556,3731
94460.769102,3732
94460.787227,3733
94460.804790,3734
94460.822985,3735
94460.840419,3736
94460.858552,3737
94460.876626,3738
94460.894240,3739
94460.911991,3740
94460.929955,3741
94460.948748,3742
94460.966700,3743
94460.984408,3744
94461.003299,3745
94461.019994,3746
94461.038345,3747
94461.056803,3748
94461.074227,3749
94461.093193,3750
94461.111975,3751
94461.129102,3752
94461.147512,3753
94461.164944,3754
94461.183527,3755
94461.200468,3756
94461.218863,3757
94461.236951,3758
94461.253567,3759
94461.271735,3760
94461.289608,3761
94461.307491,3762
94461.324792,3763
94461.340499,3764
94461.358659,3765
94461.376957,3766
94461.393841,3767
94461.412342,3768
94461.428881,3769
94461.446672,3770
94461.466123,3771
94461.487535,3772
94461.504941,3773
94461.522846,3774
94461.539207,3775
94461.557807,3776
94461.574903,3777
94461.592710,3778
94461.611670,3779
94461.629517,3780
94461.646793,3781
94461.664786,3782
94461.683109,3783
94461.700623,3784
94461.718788,3785
94461.736883,3786
94461.756654,3787
94461.774482,3788
94461.792191,3789
94461.809356,3790
94461.827049,3791
94461.844470,3792
94461.862258,3793
94461.879331,3794
94461.896311,3795
94461.914653,3796
94461.931977,3797
94461.949584,3798
94461.966791,3799
94461.986619,3800
94462.003354,3801
94462.020948,3802
94462.039620,3803
94462.056797,3804
94462.074044,3805
94462.092295,3806
94462.109340,3807
94462.127295,3808
94462.145092,3809
94462.162439,3810
94462.178807,3811
94462.196465,3812
94462.215559,3813
94462.232312,3814
94462.249688,3815
94462.267532,3816
94462.284329,3817
94462.301737,3818
94462.318540,3819
94462.335474,3820
94462.353893,3821
94462.371480,3822
94462.388772,3823
94462.405110,3824
94462.423364,3825
94462.439872,3826
94462.457414,3827
94462.476451,3828
94462.493429,3829
94462.512193,3830
94462.530418,3831
94462.547272,3832
94462.565945,3833
94462.582714,3834
94462.599494,3835
94462.616271,3836
94462.633579,3837
94462.650147,3838
94462.667923,3839
94462.684648,3840
94462.700999,3841
94462.718783,3842
94462.736836,3843
94462.753213,3844
94462.771386,3845
94462.789022,3846
94462.806601,3847
94462.823497,3848
94462.841215,3849
94462.859325,3850
94462.876341,3851
94462.893944,3852
94462.910614,3853
94462.927142,3854
94462.943280,3855
94462.961542,3856
94462.977377,3857
94462.995658,3858
94463.016224,3859
94463.034921,3860
94463.052396,3861
94463.069955,3862
94463.087993,3863
94463.106590,3864
94463.124059,3865
94463.141916,3866
94463.160095,3867
94463.177233,3868
94463.194843,3869
94463.211859,3870
94463.230281,3871
94463.247560,3872
94463.264690,3873
94463.282201,3874
94463.299434,3875
94463.316831,3876
94463.333860,3877
94463.352468,3878
94463.370961,3879
94463.388798,3880
94463.406607,3881
94463.423833,3882
94463.440243,3883
94463.456335,3884
94463.474322,3885
94463.493301,3886
94463.511026,3887
94463.528063,3888
94463.545608,3889
94463.564712,3890
94463.581834,3891
94463.600094,3892
94463.617262,3893
94463.634533,3894
94463.651633,3895
94463.670315,3896
94463.686442,3897
94463.702773,3898
94463.719458,3899
94463.739601,3900
94463.755383,3901
94463.771579,3902
94463.787837,3903
94463.804438,3904
94463.821548,3905
94463.838197,3906
94463.855716,3907
94463.872781,3908
94463.889796,3909
94463.905837,3910
94463.922259,3911
94463.938240,3912
94463.955401,3913
94463.972502,3914
94463.989759,3915
94464.005444,3916
94464.022577,3917
94464.038621,3918
94464.054754,3919
94464.072320,3920
94464.088838,3921
94464.105799,3922
94464.122210,3923
94464.139518,3924
94464.156986,3925
94464.173818,3926
94464.192145,3927
94464.209050,3928
94464.226372,3929
94464.243154,3930
94464.260597,3931
94464.278117,3932
94464.298908,3933
94464.315369,3934
94464.333081,3935
94464.350625,3936
94464.366771,3937
94464.382733,3938
94464.400769,3939
94464.418927,3940
94464.436271,3941
94464.453607,3942
94464.471333,3943
94464.488210,3944
94464.505454,3945
94464.522169,3946
94464.538798,3947
94464.555246,3948
94464.573587,3949
94464.591062,3950
94464.608703,3951
94464.625591,3952
94464.642826,3953
94464.660539,3954
94464.676932,3955
94464.694533,3956
94464.712675,3957
94464.729914,3958
94464.747110,3959
94464.762577,3960
94464.779945,3961
94464.796286,3962
94464.813710,3963
94464.830328,3964
94464.847015,3965
94464.864309,3966
94464.881227,3967
94464.898498,3968
94464.914479,3969
94464.931576,3970
94464.948613,3971
94464.963252,3972
94464.979342,3973
94464.995826,3974
94465.012605,3975
94465.028500,3976
94465.046159,3977
94465.063176,3978
94465.080337,3979
94465.096803,3980
94465.113757,3981
94465.130797,3982
94465.148615,3983
94465.164652,3984
94465.181785,3985
94465.199167,3986
94465.216544,3987
94465.233169,3988
94465.250753,3989
94465.268542,3990
94465.286497,3991
94465.303517,3992
94465.320782,3993
94465.337611,3994
94465.354686,3995
94465.371298,3996
94465.389401,3997
94465.405999,3998
94465.422426,3999
94465.440761,4000
94465.457257,4001
94465.475357,4002
94465.492389,4003
94465.509057,4004
94465.525759,4005
94465.542561,4006
94465.558990,4007
94465.575629,4008
94465.593368,4009
94465.610509,4010
94465.628277,4011
94465.645542,4012
94465.662806,4013
94465.679391,4014
94465.696841,4015
94465.713997,4016
94465.731871,4017
94465.750456,4018
94465.766887,4019
94465.784360,4020
94465.800912,4021
94465.818047,4022
94465.835953,4023
94465.852674,4024
94465.868919,4025
94465.886813,4026
94465.904719,4027
94465.921350,4028
94465.939061,4029
94465.956126,4030
94465.973220,4031
94465.989842,4032
94466.007680,4033
94466.025185,4034
94466.042644,4035
94466.059368,4036
94466.075806,4037
94466.092476,4038
94466.109431,4039
94466.127019,4040
94466.144441,4041
94466.164184,4042
94466.180769,4043
94466.199050,4044
94466.216752,4045
94466.233332,4046
94466.251492,4047
94466.267331,4048
94466.284411,4049
94466.301923,4050
94466.321279,4051
94466.337734,4052
94466.356961,4053
94466.372384,4054
94466.389665,4055
94466.407060,4056
94466.425610,4057
94466.442140,4058
94466.460461,4059
94466.477328,4060
94466.494594,4061
94466.512099,4062
94466.531039,4063
94466.548703,4064
94466.565566,4065
94466.583751,4066
94466.602350,4067
94466.619285,4068
94466.638291,4069
94466.656043,4070
94466.674194,4071
94466.693017,4072
94466.710845,4073
94466.728588,4074
94466.746885,4075
94466.765790,4076
94466.783830,4077
94466.802100,4078
94466.821335,4079
94466.840792,4080
94466.858829,4081
94466.877256,4082
94466.896460,4083
94466.914602,4084
94466.932397,4085
94466.950340,4086
94466.969752,4087
94466.988443,4088
94467.005924,4089
94467.023898,4090
94467.041905,4091
94467.059203,4092
94467.077111,4093
94467.093573,4094
94467.111382,4095
94467.127734,4096
94467.144386,4097
94467.161810,4098
94467.179273,4099
94467.199462,4100
94467.213857,4101
94467.231465,4102
94467.250799,4103
94467.267931,4104
94467.286338,4105
94467.302887,4106
94467.321071,4107
94467.339035,4108
94467.356861,4109
94467.376580,4110
94467.394585,4111
94467.412390,4112
94467.429649,4113
94467.447200,4114
94467.464171,4115
94467.483604,4116
94467.501052,4117
94467.518438,4118
94467.537139,4119
94467.553472,4120
94467.571206,4121
94467.588690,4122
94467.607211,4123
94467.624796,4124
94467.641765,4125
94467.658677,4126
94467.675897,4127
94467.694029,4128
94467.712356,4129
94467.728701,4130
94467.747388,4131
94467.765433,4132
94467.782819,4133
94467.800203,4134
94467.817532,4135
94467.835391,4136
94467.852999,4137
94467.872125,4138
94467.888760,4139
94467.907405,4140
94467.923969,4141
94467.942037,4142
94467.961007,4143
94467.979589,4144
94467.996972,4145
94468.015304,4146
94468.034319,4147
94468.053056,4148
94468.070632,4149
94468.089351,4150
94468.107345,4151
94468.126285,4152
94468.144453,4153
94468.162705,4154
94468.179951,4155
94468.198787,4156
94468.216694,4157
94468.234820,4158
94468.253300,4159
94468.268989,4160
94468.285330,4161
94468.302762,4162
94468.320309,4163
94468.337258,4164
94468.355129,4165
94468.373268,4166
94468.390721,4167
94468.407612,4168
94468.425321,4169
94468.443910,4170
94468.461938,4171
94468.478290,4172
94468.494861,4173
94468.513088,4174
94468.531228,4175
94468.547777,4176
94468.565169,4177
94468.581534,4178
94468.598843,4179
94468.616102,4180
94468.633575,4181
94468.651161,4182
94468.668031,4183
94468.686205,4184
94468.704480,4185
94468.721543,4186
94468.739185,4187
94468.754387,4188
94468.771924,4189
94468.789661,4190
94468.807601,4191
94468.824831,4192
94468.842778,4193
94468.860064,4194
94468.878100,4195
94468.895705,4196
94468.914227,4197
94468.932936,4198
94468.950456,4199
94468.971835,4200
94468.986368,4201
94469.003064,4202
94469.020703,4203
94469.038601,4204
94469.054264,4205
94469.072043,4206
94469.088910,4207
94469.106193,4208
94469.123862,4209
94469.142476,4210
94469.160058,4211
94469.178100,4212
94469.196487,4213
94469.214377,4214
94469.232173,4215
94469.251387,4216
94469.268636,4217
94469.285861,4218
94469.303249,4219
94469.321717,4220
94469.339668,4221
94469.357930,4222
94469.374260,4223
94469.392947,4224
94469.409759,4225
94469.428341,4226
94469.445872,4227
94469.465281,4228
94469.484546,4229
94469.502487,4230
94469.518679,4231
94469.536594,4232
94469.552971,4233
94469.571283,4234
94469.588823,4235
94469.606609,4236
94469.623682,4237
94469.640294,4238
94469.656804,4239
94469.673778,4240
94469.691605,4241
94469.709382,4242
94469.726659,4243
94469.744533,4244
94469.762010,4245
94469.779748,4246
94469.797560,4247
94469.814816,4248
94469.831292,4249
94469.849594,4250
94469.865383,4251
94469.883490,4252
94469.900583,4253
94469.917894,4254
94469.935920,4255
94469.953905,4256
94469.970575,4257
94469.988395,4258
94470.005293,4259
94470.022285,4260
94470.039832,4261
94470.057729,4262
94470.073687,4263
94470.091286,4264
94470.108607,4265
94470.125119,4266
94470.143401,4267
94470.161247,4268
94470.179256,4269
94470.196345,4270
94470.214241,4271
94470.231668,4272
94470.249000,4273
94470.267600,4274
94470.284408,4275
94470.301993,4276
94470.320193,4277
94470.337768,4278
94470.355842,4279
94470.373192,4280
94470.391014,4281
94470.408955,4282
94470.426721,4283
94470.444114,4284
94470.462429,4285
94470.480796,4286
94470.498814,4287
94470.516786,4288
94470.533716,4289
94470.550406,4290
94470.567398,4291
94470.584687,4292
94470.603063,4293
94470.621381,4294
94470.636752,4295
94470.653701,4296
94470.671061,4297
94470.688194,4298
94470.705573,4299
94470.725647,4300
94470.742267,4301
94470.759880,4302
94470.776717,4303
94470.794234,4304
94470.810844,4305
94470.827644,4306
94470.843969,4307
94470.861411,4308
94470.878628,4309
94470.895534,4310
94470.914232,4311
94470.930598,4312
94470.948381,4313
94470.966910,4314
94470.983878,4315
94471.001372,4316
94471.019208,4317
94471.036670,4318
94471.053669,4319
94471.071577,4320
94471.088283,4321
94471.104026,4322
94471.120981,4323
94471.138928,4324
94471.156993,4325
94471.174876,4326
94471.192647,4327
94471.209117,4328
94471.225834,4329
94471.244213,4330
94471.261437,4331
94471.278585,4332
94471.296268,4333
94471.313329,4334
94471.330148,4335
94471.347492,4336
94471.364156,4337
94471.380761,4338
94471.397841,4339
94471.415215,4340
94471.432674,4341
94471.449859,4342
94471.467214,4343
94471.484348,4344
94471.501436,4345
94471.520144,4346
94471.537491,4347
94471.555708,4348
94471.573576,4349
94471.590454,4350
94471.608115,4351
94471.626682,4352
94471.644312,4353
94471.662065,4354
94471.678916,4355
94471.697298,4356
94471.714414,4357
94471.732533,4358
94471.751433,4359
94471.770492,4360
94471.788855,4361
94471.806313,4362
94471.823275,4363
94471.840432,4364
94471.857854,4365
94471.876057,4366
94471.894711,4367
94471.912307,4368
94471.930665,4369
94471.949105,4370
94471.966998,4371
94471.984772,4372
94472.003705,4373
94472.020412,4374
94472.037281,4375
94472.054171,4376
94472.071734,4377
94472.088575,4378
94472.106761,4379
94472.123177,4380
94472.141214,4381
94472.157633,4382
94472.176602,4383
94472.193648,4384
94472.211070,4385
94472.228502,4386
94472.246302,4387
94472.262793,4388
94472.280395,4389
94472.297835,4390
94472.314387,4391
94472.332192,4392
94472.349488,4393
94472.365529,4394
94472.383765,4395
94472.400459,4396
94472.418123,4397
94472.435287,4398
94472.452897,4399
94472.475401,4400
94472.491351,4401
94472.509715,4402
94472.526263,4403
94472.544103,4404
94472.560940,4405
94472.579776,4406
94472.595901,4407
94472.612594,4408
94472.631099,4409
94472.649043,4410
94472.666152,4411
94472.683907,4412
94472.701682,4413
94472.721322,4414
94472.738893,4415
94472.756307,4416
94472.775235,4417
94472.792932,4418
94472.811791,4419
94472.830558,4420
94472.848711,4421
94472.866966,4422
94472.884526,4423
94472.903483,4424
94472.921575,4425
94472.939815,4426
94472.957873,4427
94472.975755,4428
94472.993720,4429
94473.012461,4430
94473.029384,4431
94473.045819,4432
94473.062887,4433
94473.081289,4434
94473.099660,4435
94473.117270,4436
94473.134288,4437
94473.151949,4438
94473.168744,4439
94473.187518,4440
94473.206327,4441
94473.224041,4442
94473.243275,4443
94473.261383,4444
94473.279850,4445
94473.297628,4446
94473.315971,4447
94473.334266,4448
94473.352552,4449
94473.371058,4450
94473.389107,4451
94473.407339,4452
94473.426310,4453
94473.443910,4454
94473.462853,4455
94473.481831,4456
94473.500963,4457
94473.518911,4458
94473.537991,4459
94473.555695,4460
94473.574664,4461
94473.591841,4462
94473.610139,4463
94473.627812,4464
94473.645903,4465
94473.663667,4466
94473.680192,4467
94473.697657,4468
94473.714601,4469
94473.732323,4470
94473.748584,4471
94473.766306,4472
94473.784522,4473
94473.803226,4474
94473.819752,4475
94473.837654,4476
94473.856320,4477
94473.873052,4478
94473.891396,4479
94473.909729,4480
94473.927932,4481
94473.945367,4482
94473.963506,4483
94473.981674,4484
94474.000085,4485
94474.017713,4486
94474.034213,4487
94474.050898,4488
94474.067767,4489
94474.085873,4490
94474.102842,4491
94474.120594,4492
94474.138195,4493
94474.155965,4494
94474.174234,4495
94474.192476,4496
94474.210751,4497
94474.227892,4498
94474.245764,4499
94474.267755,4500
94474.286356,4501
94474.304143,4502
94474.320185,4503
94474.338017,4504
94474.356457,4505
94474.372930,4506
94474.391521,4507
94474.408582,4508
94474.425731,4509
94474.443740,4510
94474.461419,4511
94474.479557,4512
94474.495994,4513
94474.512458,4514
94474.529426,4515
94474.546271,4516
94474.562449,4517
94474.579313,4518
94474.596845,4519
94474.612986,4520
94474.629350,4521
94474.646554,4522
94474.663881,4523
94474.680057,4524
94474.697535,4525
94474.714376,4526
94474.731784,4527
94474.748694,4528
94474.765729,4529
94474.783357,4530
94474.799849,4531
94474.817195,4532
94474.833971,4533
94474.850968,4534
94474.867259,4535
94474.884347,4536
94474.901266,4537
94474.917766,4538
94474.934702,4539
94474.950872,4540
94474.969402,4541
94474.985272,4542
94475.002097,4543
94475.018547,4544
94475.036135,4545
94475.053288,4546
94475.069882,4547
94475.088405,4548
94475.106009,4549
94475.123587,4550
94475.140730,4551
94475.158435,4552
94475.175257,4553
94475.191654,4554
94475.208768,4555
94475.227213,4556
94475.243587,4557
94475.261129,4558
94475.276525,4559
94475.294436,4560
94475.312104,4561
94475.330368,4562
94475.347448,4563
94475.364786,4564
94475.380826,4565
94475.399194,4566
94475.415339,4567
94475.432758,4568
94475.450593,4569
94475.469147,4570
94475.488778,4571
94475.507326,4572
94475.524842,4573
94475.541784,4574
94475.557880,4575
94475.575368,4576
94475.593150,4577
94475.610809,4578
94475.629416,4579
94475.646311,4580
94475.664236,4581
94475.682588,4582
94475.699704,4583
94475.717370,4584
94475.734809,4585
94475.752288,4586
94475.769681,4587
94475.787442,4588
94475.804592,4589
94475.822624,4590
94475.838767,4591
94475.856393,4592
94475.874199,4593
94475.891751,4594
94475.909284,4595
94475.926437,4596
94475.944435,4597
94475.960999,4598
94475.977471,4599
94475.997884,4600
94476.014368,4601
94476.031934,4602
94476.049130,4603
94476.068026,4604
94476.083904,4605
94476.103450,4606
94476.124286,4607
94476.143697,4608
94476.161776,4609
94476.179631,4610
94476.197816,4611
94476.215058,4612
94476.232891,4613
94476.250396,4614
94476.267983,4615
94476.286851,4616
94476.304725,4617
94476.322745,4618
94476.340284,4619
94476.359109,4620
94476.377452,4621
94476.395550,4622
94476.413318,4623
94476.430689,4624
94476.448925,4625
94476.468038,4626
94476.486449,4627
94476.504061,4628
94476.521215,4629
94476.540067,4630
94476.557311,4631
94476.574502,4632
94476.591860,4633
94476.609490,4634
94476.627711,4635
94476.643677,4636
94476.661796,4637
94476.680054,4638
94476.697374,4639
94476.715458,4640
94476.733382,4641
94476.750558,4642
94476.767922,4643
94476.785752,4644
94476.804201,4645
94476.820621,4646
94476.837678,4647
94476.854878,4648
94476.872972,4649
94476.890594,4650
94476.908438,4651
94476.926631,4652
94476.943590,4653
94476.961241,4654
94476.979024,4655
94476.996360,4656
94477.012864,4657
94477.030512,4658
94477.047796,4659
94477.065230,4660
94477.081550,4661
94477.099069,4662
94477.115690,4663
94477.133075,4664
94477.151297,4665
94477.168984,4666
94477.186822,4667
94477.204778,4668
94477.222290,4669
94477.240367,4670
94477.257979,4671
94477.276504,4672
94477.293929,4673
94477.312699,4674
94477.330823,4675
94477.349737,4676
94477.368154,4677
94477.386494,4678
94477.404672,4679
94477.422840,4680
94477.439712,4681
94477.457848,4682
94477.477025,4683
94477.495370,4684
94477.513232,4685
94477.531246,4686
94477.548753,4687
94477.566581,4688
94477.584136,4689
94477.601101,4690
94477.617871,4691
94477.636039,4692
94477.653455,4693
94477.670408,4694
94477.687351,4695
94477.704629,4696
94477.720953,4697
94477.739079,4698
94477.755670,4699
94477.776665,4700
94477.792904,4701
94477.810034,4702
94477.827065,4703
94477.844634,4704
94477.860887,4705
94477.877780,4706
94477.895674,4707
94477.913835,4708
94477.930850,4709
94477.947146,4710
94477.964666,4711
94477.981852,4712
94477.998357,4713
94478.016740,4714
94478.033497,4715
94478.049589,4716
94478.067253,4717
94478.085174,4718
94478.102860,4719
94478.121054,4720
94478.138407,4721
94478.155954,4722
94478.173227,4723
94478.188950,4724
94478.207728,4725
94478.225368,4726
94478.242714,4727
94478.259622,4728
94478.276443,4729
94478.293386,4730
94478.310841,4731
94478.328335,4732
94478.345030,4733
94478.361198,4734
94478.378162,4735
94478.395441,4736
94478.412736,4737
94478.429577,4738
94478.447787,4739
94478.465272,4740
94478.484355,4741
94478.500341,4742
94478.517704,4743
94478.534422,4744
94478.552275,4745
94478.570163,4746
94478.588875,4747
94478.608105,4748
94478.626474,4749
94478.644817,4750
94478.662707,4751
94478.680201,4752
94478.697140,4753
94478.715308,4754
94478.732952,4755
94478.751367,4756
94478.769835,4757
94478.786843,4758
94478.805789,4759
94478.824252,4760
94478.841583,4761
94478.858778,4762
94478.877423,4763
94478.895823,4764
94478.913385,4765
94478.932280,4766
94478.950863,4767
94478.967855,4768
94478.984958,4769
94479.002755,4770
94479.020732,4771
94479.037850,4772
94479.055209,4773
94479.072892,4774
94479.091108,4775
94479.109445,4776
94479.127361,4777
94479.143992,4778
94479.162087,4779
94479.179276,4780
94479.197072,4781
94479.214491,4782
94479.232689,4783
94479.250956,4784
94479.268540,4785
94479.286859,4786
94479.304735,4787
94479.325885,4788
94479.343286,4789
94479.361559,4790
94479.380954,4791
94479.399148,4792
94479.417476,4793
94479.436885,4794
94479.455167,4795
94479.474394,4796
94479.493553,4797
94479.511014,4798
94479.528925,4799
94479.550892,4800
94479.568274,4801
94479.585756,4802
94479.602517,4803
94479.620515,4804
94479.639059,4805
94479.656007,4806
94479.673733,4807
94479.689980,4808
94479.707391,4809
94479.724952,4810
94479.742678,4811
94479.759575,4812
94479.777588,4813
94479.794625,4814
94479.812449,4815
94479.829947,4816
94479.847353,4817
94479.865168,4818
94479.883032,4819
94479.900245,4820
94479.917444,4821
94479.933864,4822
94479.952930,4823
94479.971402,4824
94479.989727,4825
94480.005941,4826
94480.023874,4827
94480.040646,4828
94480.057888,4829
94480.075345,4830
94480.093954,4831
94480.112416,4832
94480.130799,4833
94480.147489,4834
94480.164564,4835
94480.180654,4836
94480.199233,4837
94480.216898,4838
94480.235881,4839
94480.254399,4840
94480.272467,4841
94480.290476,4842
94480.308831,4843
94480.326231,4844
94480.344433,4845
94480.361030,4846
94480.377388,4847
94480.394456,4848
94480.412499,4849
94480.430545,4850
94480.447653,4851
94480.464665,4852
94480.482302,4853
94480.499537,4854
94480.516771,4855
94480.533121,4856
94480.550924,4857
94480.568347,4858
94480.585551,4859
94480.602413,4860
94480.620777,4861
94480.637783,4862
94480.655534,4863
94480.672448,4864
94480.689923,4865
94480.706897,4866
94480.723437,4867
94480.740406,4868
94480.756923,4869
94480.773088,4870
94480.789484,4871
94480.806797,4872
94480.823502,4873
94480.839607,4874
94480.857017,4875
94480.874287,4876
94480.889942,4877
94480.907996,4878
94480.923574,4879
94480.941062,4880
94480.958053,4881
94480.974930,4882
94480.991992,4883
94481.009574,4884
94481.026955,4885
94481.045031,4886
94481.061485,4887
94481.079355,4888
94481.096744,4889
94481.113997,4890
94481.130955,4891
94481.147932,4892
94481.165848,4893
94481.183628,4894
94481.199429,4895
94481.215928,4896
94481.234115,4897
94481.250233,4898
94481.267264,4899
94481.287490,4900
94481.303776,4901
94481.320034,4902
94481.337693,4903
94481.355171,4904
94481.373247,4905
94481.391853,4906
94481.409017,4907
94481.427420,4908
94481.445202,4909
94481.463811,4910
94481.482235,4911
94481.501394,4912
94481.518778,4913
94481.535883,4914
94481.553607,4915
94481.572505,4916
94481.590035,4917
94481.607771,4918
94481.625746,4919
94481.643406,4920
94481.660386,4921
94481.678688,4922
94481.696324,4923
94481.714640,4924
94481.731545,4925
94481.748688,4926
94481.765837,4927
94481.783855,4928
94481.801396,4929
94481.818674,4930
94481.835953,4931
94481.853047,4932
94481.870740,4933
94481.886834,4934
94481.904263,4935
94481.921626,4936
94481.937877,4937
94481.954928,4938
94481.971048,4939
94481.989864,4940
94482.007226,4941
94482.024386,4942
94482.040773,4943
94482.058900,4944
94482.075859,4945
94482.093437,4946
94482.110706,4947
94482.127793,4948
94482.145391,4949
94482.163733,4950
94482.180758,4951
94482.198322,4952
94482.214623,4953
94482.232610,4954
94482.249547,4955
94482.267567,4956
94482.284367,4957
94482.301254,4958
94482.318696,4959
94482.335788,4960
94482.352735,4961
94482.369739,4962
94482.386016,4963
94482.403892,4964
94482.421444,4965
94482.438414,4966
94482.455423,4967
94482.473075,4968
94482.489929,4969
94482.507312,4970
94482.524507,4971
94482.541728,4972
94482.558523,4973
94482.575403,4974
94482.592569,4975
94482.610672,4976
94482.628376,4977
94482.645431,4978
94482.663574,4979
94482.679606,4980
94482.697612,4981
94482.715316,4982
94482.732057,4983
94482.749107,4984
94482.767146,4985
94482.785263,4986
94482.803263,4987
94482.819487,4988
94482.837010,4989
94482.853748,4990
94482.871261,4991
94482.888169,4992
94482.905420,4993
94482.923113,4994
94482.940153,4995
94482.957869,4996
94482.975338,4997
94482.992275,4998
94483.010328,4999
